"","KID","m_pc_st","m_pc_raw"
"1",4037,NA,NA
"2",4038,NA,NA
"3",4039,93,31
"4",4041,89,30
"5",4042,89,30
"6",4043,110,35
"7",4180,NA,NA
"8",4187,87,28
"9",5032,92,32
"10",5033,90,31
"11",6034,100,34
"12",7039,75,23
"13",7040,75,23
"14",7041,78,26
"15",7044,78,26
"16",7045,73,24
"17",7046,73,24
"18",7047,73,24
"19",10033,92,32
"20",10034,77,26
"21",10035,77,26
"22",14030,89,31
"23",14031,89,31
"24",14032,115,37
"25",14033,115,37
"26",16033,NA,NA
"27",18038,100,34
"28",18039,101,35
"29",18040,101,35
"30",18041,109,36
"31",18187,103,34
"32",18189,103,34
"33",18191,84,28
"34",18192,84,28
"35",22030,93,31
"36",22031,NA,NA
"37",22176,107,36
"38",39031,NA,NA
"39",40035,NA,NA
"40",40038,91,31
"41",40039,91,31
"42",45032,87,28
"43",45033,NA,NA
"44",45034,NA,NA
"45",47034,NA,NA
"46",47035,NA,NA
"47",47036,NA,NA
"48",47037,94,33
"49",47038,94,33
"50",47039,NA,NA
"51",47040,NA,NA
"52",50032,92,31
"53",50033,92,31
"54",50034,101,35
"55",50035,101,35
"56",51031,97,34
"57",51032,97,34
"58",53035,84,28
"59",53036,84,28
"60",53038,93,33
"61",53040,93,33
"62",53041,99,34
"63",53042,86,30
"64",53205,100,34
"65",60036,100,35
"66",60037,100,35
"67",61032,119,38
"68",61034,119,38
"69",61035,105,36
"70",68030,87,30
"71",79032,100,34
"72",84033,NA,NA
"73",84034,92,32
"74",84035,92,32
"75",88035,82,28
"76",88036,82,28
"77",89034,101,34
"78",89035,100,32
"79",90030,77,26
"80",90031,93,32
"81",90032,93,32
"82",91031,NA,NA
"83",91032,NA,NA
"84",96031,94,32
"85",96032,94,32
"86",96033,NA,NA
"87",99032,96,33
"88",99033,96,33
"89",105035,74,23
"90",106031,77,26
"91",106032,77,26
"92",114033,118,38
"93",114034,100,34
"94",117031,NA,NA
"95",117032,NA,NA
"96",121030,124,39
"97",121032,104,35
"98",121033,104,35
"99",121036,124,39
"100",121037,106,36
"101",122034,NA,NA
"102",122036,99,35
"103",122037,NA,NA
"104",122174,99,35
"105",126030,NA,NA
"106",128030,NA,NA
"107",128031,NA,NA
"108",129040,91,31
"109",129041,83,28
"110",129197,83,28
"111",134030,92,32
"112",134031,92,32
"113",138032,85,29
"114",138033,85,29
"115",145030,103,36
"116",145031,103,36
"117",151037,NA,NA
"118",151038,NA,NA
"119",165032,99,33
"120",166033,120,38
"121",172036,97,32
"122",172179,95,33
"123",172180,95,33
"124",173035,89,29
"125",173036,104,35
"126",173037,90,29
"127",173038,97,33
"128",173039,104,35
"129",173040,97,33
"130",174033,119,38
"131",174034,NA,NA
"132",174036,119,38
"133",174037,82,26
"134",174040,82,26
"135",178033,128,40
"136",178034,128,40
"137",180030,NA,NA
"138",180032,NA,NA
"139",181031,118,38
"140",181032,118,38
"141",189031,114,38
"142",190033,NA,NA
"143",195030,99,35
"144",195031,99,35
"145",200034,NA,NA
"146",200035,97,32
"147",203031,103,35
"148",203033,103,35
"149",209030,NA,NA
"150",217032,91,30
"151",220030,111,37
"152",221032,104,35
"153",228031,NA,NA
"154",228032,NA,NA
"155",236032,97,34
"156",245034,92,29
"157",246031,NA,NA
"158",250031,NA,NA
"159",250032,66,22
"160",257037,84,29
"161",257039,84,29
"162",257040,NA,NA
"163",263038,100,35
"164",266031,NA,NA
"165",266033,NA,NA
"166",266035,NA,NA
"167",277033,81,27
"168",280032,86,29
"169",280033,86,29
"170",284030,97,34
"171",284031,97,34
"172",297048,84,27
"173",302036,100,34
"174",302037,100,34
"175",308037,107,35
"176",311032,99,34
"177",311033,99,34
"178",315030,84,28
"179",319031,104,34
"180",319032,120,39
"181",321032,114,37
"182",321176,NA,NA
"183",321177,NA,NA
"184",323032,118,38
"185",323033,118,38
"186",323034,137,41
"187",327033,NA,NA
"188",340031,NA,NA
"189",340034,NA,NA
"190",343032,90,31
"191",343033,90,31
"192",344031,NA,NA
"193",344032,NA,NA
"194",344033,100,35
"195",344034,100,35
"196",344186,NA,NA
"197",350030,94,33
"198",350031,94,33
"199",351037,87,29
"200",351038,88,29
"201",351039,91,32
"202",354031,104,35
"203",355031,108,36
"204",355032,119,38
"205",355033,119,38
"206",356031,78,27
"207",356032,83,28
"208",361176,89,30
"209",368032,118,38
"210",374030,100,34
"211",375030,99,34
"212",375031,99,34
"213",377030,105,36
"214",377031,105,36
"215",391031,101,34
"216",391032,NA,NA
"217",404033,64,21
"218",404035,64,21
"219",409033,97,34
"220",409177,NA,NA
"221",414038,150,42
"222",414039,NA,NA
"223",419033,84,27
"224",419034,62,20
"225",419035,62,20
"226",419036,75,25
"227",419037,75,25
"228",428030,97,33
"229",428032,97,33
"230",432032,93,31
"231",433031,95,33
"232",433034,95,33
"233",433037,NA,NA
"234",433038,89,31
"235",433040,89,31
"236",452037,90,31
"237",452038,98,34
"238",452178,90,31
"239",452187,96,33
"240",455032,NA,NA
"241",455033,NA,NA
"242",455034,NA,NA
"243",459031,100,34
"244",465033,NA,NA
"245",465034,NA,NA
"246",473035,79,27
"247",473036,100,35
"248",478038,111,37
"249",478039,111,37
"250",478040,98,32
"251",479030,91,31
"252",479031,91,31
"253",486030,89,31
"254",486031,118,38
"255",487035,107,36
"256",487036,83,28
"257",487176,83,28
"258",490032,111,37
"259",495034,NA,NA
"260",495035,101,34
"261",495036,122,39
"262",495174,97,32
"263",496031,91,29
"264",496032,97,33
"265",496183,89,31
"266",496184,89,31
"267",503173,NA,NA
"268",508031,114,38
"269",508032,114,38
"270",508033,NA,NA
"271",510031,97,34
"272",512031,115,37
"273",517030,NA,NA
"274",517031,NA,NA
"275",517032,81,28
"276",517033,100,35
"277",517034,100,35
"278",534032,105,36
"279",544032,NA,NA
"280",548035,NA,NA
"281",548036,96,33
"282",548037,100,35
"283",548038,100,35
"284",548039,92,32
"285",548040,92,32
"286",548189,87,29
"287",556036,NA,NA
"288",556037,120,38
"289",557176,NA,NA
"290",557177,NA,NA
"291",563043,93,33
"292",563044,61,19
"293",563045,93,33
"294",563046,61,19
"295",563047,114,35
"296",564034,NA,NA
"297",565031,114,38
"298",565032,NA,NA
"299",565033,114,38
"300",565034,NA,NA
"301",567177,100,32
"302",569031,70,21
"303",569032,70,21
"304",570035,77,24
"305",570036,77,24
"306",573033,107,36
"307",573035,107,36
"308",577032,93,32
"309",581172,74,24
"310",581173,74,24
"311",582032,160,43
"312",582033,160,43
"313",582034,97,33
"314",593030,128,40
"315",593031,118,38
"316",593033,128,40
"317",597035,89,30
"318",597036,89,30
"319",597037,86,28
"320",602034,104,34
"321",602035,84,29
"322",605031,114,38
"323",607040,94,32
"324",607042,94,32
"325",608186,79,27
"326",610033,NA,NA
"327",613031,89,30
"328",620033,97,33
"329",620035,97,33
"330",620037,118,38
"331",620039,118,38
"332",624172,NA,NA
"333",624173,NA,NA
"334",625030,162,43
"335",625031,110,36
"336",625032,110,36
"337",626044,NA,NA
"338",626045,115,38
"339",626047,NA,NA
"340",626048,98,34
"341",626189,98,34
"342",628034,92,32
"343",630033,127,39
"344",631035,NA,NA
"345",632176,91,31
"346",632177,91,31
"347",633041,94,33
"348",633042,94,33
"349",634031,81,28
"350",634032,81,28
"351",634034,111,37
"352",636031,114,37
"353",636033,114,37
"354",639032,99,34
"355",644031,97,33
"356",647033,95,31
"357",647034,95,31
"358",649032,NA,NA
"359",649033,NA,NA
"360",649034,87,30
"361",650178,NA,NA
"362",652033,90,31
"363",652034,104,35
"364",652035,90,31
"365",652037,90,31
"366",654032,NA,NA
"367",654033,NA,NA
"368",655030,94,33
"369",655031,94,33
"370",656031,109,36
"371",656033,98,34
"372",656034,98,34
"373",656035,109,36
"374",664030,118,38
"375",664032,113,37
"376",664034,113,37
"377",664035,118,38
"378",672172,NA,NA
"379",672174,NA,NA
"380",673032,NA,NA
"381",673033,NA,NA
"382",673174,NA,NA
"383",674030,NA,NA
"384",674031,84,29
"385",677034,NA,NA
"386",677037,91,30
"387",686036,76,24
"388",687171,NA,NA
"389",691030,NA,NA
"390",691031,99,34
"391",691032,NA,NA
"392",691033,99,34
"393",691034,87,30
"394",691035,87,30
"395",691036,90,31
"396",692033,92,31
"397",692038,90,31
"398",692039,90,31
"399",694033,95,33
"400",694034,95,33
"401",698034,93,32
"402",698035,93,32
"403",699033,84,29
"404",699034,84,29
"405",699035,97,34
"406",699036,97,34
"407",700032,92,32
"408",700034,92,32
"409",702032,94,33
"410",704030,100,35
"411",704031,100,35
"412",706030,100,35
"413",706171,100,35
"414",706177,95,32
"415",707030,93,33
"416",707032,93,33
"417",709038,93,33
"418",709039,93,33
"419",709040,98,31
"420",711030,94,32
"421",711031,94,32
"422",712034,95,32
"423",713037,106,36
"424",713039,95,32
"425",713184,NA,NA
"426",717033,115,38
"427",719173,101,35
"428",722034,70,23
"429",722035,91,30
"430",725031,95,33
"431",727030,113,37
"432",728032,129,40
"433",728033,106,35
"434",729031,93,31
"435",729032,93,31
"436",729040,106,35
"437",729041,99,35
"438",729042,106,35
"439",729043,99,35
"440",749033,100,34
"441",749034,100,34
"442",749035,84,29
"443",750031,96,33
"444",750032,96,33
"445",750033,111,37
"446",750034,97,34
"447",751035,NA,NA
"448",751037,90,30
"449",751038,90,30
"450",751039,89,30
"451",759031,125,39
"452",760030,99,34
"453",760172,86,29
"454",760173,86,29
"455",760176,99,34
"456",762031,91,32
"457",762174,NA,NA
"458",762175,NA,NA
"459",769033,99,35
"460",769035,92,32
"461",769036,96,33
"462",769037,96,33
"463",769038,99,35
"464",769039,92,32
"465",771031,82,28
"466",771032,82,28
"467",773036,94,33
"468",773037,94,33
"469",774031,118,38
"470",774032,118,38
"471",775031,122,39
"472",776030,98,34
"473",777031,NA,NA
"474",779038,NA,NA
"475",782171,86,30
"476",783031,82,28
"477",783032,NA,NA
"478",794030,99,35
"479",794031,99,35
"480",796032,91,30
"481",796033,96,33
"482",796034,96,33
"483",814032,118,38
"484",817032,90,31
"485",818030,114,37
"486",818032,114,37
"487",819032,100,34
"488",819033,NA,NA
"489",819034,NA,NA
"490",821031,96,32
"491",823033,NA,NA
"492",826032,NA,NA
"493",833035,100,35
"494",833036,93,30
"495",833180,107,36
"496",833181,107,36
"497",834034,136,41
"498",834035,136,41
"499",835030,107,36
"500",835031,107,36
"501",838030,109,37
"502",838031,109,37
"503",840041,64,20
"504",840042,75,22
"505",840043,64,20
"506",840044,NA,NA
"507",840191,NA,NA
"508",844032,100,35
"509",844033,100,35
"510",844034,93,33
"511",846030,61,17
"512",846040,131,40
"513",846043,131,40
"514",846044,90,29
"515",846045,61,17
"516",853030,114,38
"517",856033,NA,NA
"518",856034,97,33
"519",856035,113,37
"520",856036,97,33
"521",856038,113,37
"522",857030,84,27
"523",857031,84,27
"524",863032,99,35
"525",863033,99,35
"526",863034,137,41
"527",863035,137,41
"528",866032,NA,NA
"529",866033,NA,NA
"530",868031,99,34
"531",868034,98,34
"532",868036,98,34
"533",868037,97,34
"534",875035,94,33
"535",875036,94,33
"536",880030,104,35
"537",880031,104,35
"538",880033,91,30
"539",891031,128,40
"540",891032,128,40
"541",893031,92,32
"542",893032,92,32
"543",897034,NA,NA
"544",897035,NA,NA
"545",898033,89,30
"546",898034,89,30
"547",898035,93,31
"548",899032,NA,NA
"549",899033,116,38
"550",908036,94,32
"551",908037,94,32
"552",909032,124,39
"553",910036,128,40
"554",913031,118,38
"555",915030,118,38
"556",915031,111,37
"557",915032,111,37
"558",915033,107,36
"559",915034,118,38
"560",915035,107,36
"561",916036,NA,NA
"562",916184,NA,NA
"563",916190,NA,NA
"564",916191,NA,NA
"565",920030,89,31
"566",920031,89,31
"567",922031,93,33
"568",922032,103,36
"569",922033,103,36
"570",922034,93,33
"571",922035,82,28
"572",922036,93,33
"573",931032,94,33
"574",931033,94,33
"575",935030,111,37
"576",935031,100,35
"577",935032,100,35
"578",935034,111,37
"579",939033,122,39
"580",941034,106,35
"581",941037,100,34
"582",941038,103,35
"583",941039,100,34
"584",941184,103,34
"585",941187,103,35
"586",946030,120,38
"587",952032,97,33
"588",961034,NA,NA
"589",961035,NA,NA
"590",961036,95,33
"591",961037,101,35
"592",961038,101,35
"593",964032,NA,NA
"594",964035,NA,NA
"595",970032,113,37
"596",970033,120,39
"597",971030,NA,NA
"598",976033,124,39
"599",980030,109,37
"600",980031,111,37
"601",982032,98,34
"602",998032,90,31
"603",998033,90,31
"604",999031,94,32
"605",999032,94,32
"606",999033,107,36
"607",999034,107,36
"608",1000031,118,38
"609",1000032,91,30
"610",1000033,118,38
"611",1000034,125,39
"612",1000035,125,39
"613",1013031,125,39
"614",1013032,NA,NA
"615",1013033,NA,NA
"616",1014032,NA,NA
"617",1028039,NA,NA
"618",1028040,NA,NA
"619",1033031,138,41
"620",1036031,NA,NA
"621",1037036,89,31
"622",1037037,89,31
"623",1038032,104,34
"624",1038033,106,36
"625",1043033,108,36
"626",1043034,108,36
"627",1043035,89,30
"628",1043036,89,30
"629",1043037,100,35
"630",1043038,100,35
"631",1043181,92,31
"632",1045031,67,22
"633",1047032,99,34
"634",1048034,97,34
"635",1048037,97,34
"636",1048038,97,32
"637",1048039,97,32
"638",1048182,84,23
"639",1048184,79,26
"640",1048185,79,26
"641",1048194,79,27
"642",1048195,79,27
"643",1051042,95,32
"644",1051044,85,29
"645",1051045,95,32
"646",1055030,109,37
"647",1055032,109,37
"648",1060032,120,38
"649",1061030,NA,NA
"650",1061032,NA,NA
"651",1062031,101,34
"652",1066032,86,30
"653",1066033,97,34
"654",1066034,86,30
"655",1066035,97,34
"656",1068032,NA,NA
"657",1072031,82,28
"658",1072032,82,28
"659",1077031,88,29
"660",1077032,88,29
"661",1084032,96,32
"662",1084033,90,31
"663",1084035,NA,NA
"664",1088037,78,25
"665",1088038,78,25
"666",1090032,NA,NA
"667",1090173,89,28
"668",1092032,115,37
"669",1092033,107,36
"670",1092034,115,37
"671",1092035,107,36
"672",1093031,115,38
"673",1093032,122,39
"674",1093033,122,39
"675",1093034,115,38
"676",1096033,83,26
"677",1098032,90,31
"678",1098033,90,31
"679",1100031,97,34
"680",1100032,97,34
"681",1100034,69,23
"682",1107034,69,23
"683",1107035,69,23
"684",1109030,93,33
"685",1121031,NA,NA
"686",1121033,77,26
"687",1121034,NA,NA
"688",1125031,79,26
"689",1125032,79,26
"690",1126035,115,38
"691",1126036,115,38
"692",1127030,90,31
"693",1129039,NA,NA
"694",1129187,NA,NA
"695",1129189,NA,NA
"696",1129197,NA,NA
"697",1131032,NA,NA
"698",1131034,NA,NA
"699",1141034,NA,NA
"700",1141035,NA,NA
"701",1141036,NA,NA
"702",1141037,75,23
"703",1141175,NA,NA
"704",1141179,75,23
"705",1142031,94,33
"706",1142032,94,33
"707",1142033,94,33
"708",1142034,94,33
"709",1144036,NA,NA
"710",1144037,107,36
"711",1149030,93,31
"712",1150171,125,39
"713",1150172,125,39
"714",1151034,91,29
"715",1151036,100,34
"716",1151037,96,33
"717",1151038,100,34
"718",1151039,96,33
"719",1152038,NA,NA
"720",1154030,NA,NA
"721",1161030,NA,NA
"722",1163036,101,34
"723",1163037,82,26
"724",1163038,82,26
"725",1163039,89,29
"726",1163040,103,35
"727",1163041,103,35
"728",1163042,94,30
"729",1163043,89,29
"730",1163045,93,33
"731",1164033,84,28
"732",1166037,93,31
"733",1167041,77,26
"734",1167042,75,25
"735",1167043,77,26
"736",1167044,74,25
"737",1167045,74,25
"738",1167046,75,25
"739",1168035,78,21
"740",1168036,78,21
"741",1168037,58,19
"742",1168174,85,29
"743",1168175,85,29
"744",1169030,113,37
"745",1169031,113,37
"746",1178176,NA,NA
"747",1178177,NA,NA
"748",1179033,93,32
"749",1184039,98,33
"750",1184040,114,37
"751",1184041,98,33
"752",1184043,NA,NA
"753",1185032,103,36
"754",1185034,103,36
"755",1192033,97,33
"756",1192034,99,34
"757",1192035,97,33
"758",1200034,NA,NA
"759",1210031,106,35
"760",1213031,118,38
"761",1220030,NA,NA
"762",1220031,NA,NA
"763",1221031,110,36
"764",1221032,110,36
"765",1221033,97,33
"766",1221034,97,33
"767",1221035,NA,NA
"768",1221036,NA,NA
"769",1222034,96,33
"770",1222035,NA,NA
"771",1222185,96,33
"772",1222189,92,31
"773",1225031,116,37
"774",1227034,104,35
"775",1227035,110,36
"776",1227195,129,37
"777",1230031,128,40
"778",1233034,98,34
"779",1233035,98,34
"780",1236031,104,35
"781",1236032,128,40
"782",1241035,NA,NA
"783",1242032,108,36
"784",1242033,112,37
"785",1242034,94,32
"786",1242035,111,37
"787",1242036,94,32
"788",1242038,111,37
"789",1242039,112,37
"790",1254030,93,31
"791",1258030,124,39
"792",1258031,124,39
"793",1258032,111,37
"794",1258033,93,31
"795",1258034,111,37
"796",1260043,84,28
"797",1266030,55,17
"798",1266031,55,17
"799",1269033,91,31
"800",1274032,107,35
"801",1274033,107,35
"802",1281034,91,30
"803",1281035,NA,NA
"804",1281036,NA,NA
"805",1284031,115,38
"806",1284032,115,38
"807",1285030,124,39
"808",1285031,129,40
"809",1285032,124,39
"810",1285033,129,40
"811",1286032,118,38
"812",1286033,119,38
"813",1286175,109,36
"814",1290034,92,31
"815",1290035,92,31
"816",1292032,86,30
"817",1298031,106,36
"818",1298032,NA,NA
"819",1298033,106,36
"820",1302037,NA,NA
"821",1303032,NA,NA
"822",1303033,NA,NA
"823",1306031,NA,NA
"824",1315032,101,35
"825",1315033,101,35
"826",1315034,NA,NA
"827",1315035,NA,NA
"828",1315036,92,32
"829",1315039,92,32
"830",1332030,87,30
"831",1332032,87,30
"832",1332033,NA,NA
"833",1332181,NA,NA
"834",1335047,95,33
"835",1335048,87,29
"836",1335052,95,33
"837",1335053,106,36
"838",1335054,106,36
"839",1335056,NA,NA
"840",1336033,NA,NA
"841",1336034,NA,NA
"842",1336035,99,34
"843",1342031,NA,NA
"844",1345034,101,35
"845",1345035,109,36
"846",1351035,91,31
"847",1351036,91,31
"848",1355174,109,36
"849",1363031,93,33
"850",1368032,88,25
"851",1368175,88,25
"852",1368180,NA,NA
"853",1376032,78,24
"854",1383035,NA,NA
"855",1383036,NA,NA
"856",1383037,78,26
"857",1383040,78,26
"858",1394035,NA,NA
"859",1394036,76,26
"860",1394037,NA,NA
"861",1394038,76,26
"862",1394039,91,30
"863",1397033,95,32
"864",1397034,111,37
"865",1397037,95,32
"866",1397038,111,37
"867",1398030,87,30
"868",1399035,NA,NA
"869",1399036,NA,NA
"870",1399037,97,33
"871",1399038,NA,NA
"872",1399039,NA,NA
"873",1399040,97,33
"874",1407032,89,31
"875",1411039,84,27
"876",1411043,96,32
"877",1411044,95,33
"878",1411045,96,32
"879",1411185,90,31
"880",1411186,90,31
"881",1411190,93,33
"882",1415031,87,30
"883",1426034,68,23
"884",1426036,NA,NA
"885",1426038,68,23
"886",1426040,NA,NA
"887",1430030,NA,NA
"888",1430031,NA,NA
"889",1431030,99,34
"890",1432031,NA,NA
"891",1434035,112,37
"892",1445035,NA,NA
"893",1445037,NA,NA
"894",1460030,NA,NA
"895",1468033,94,32
"896",1468034,94,32
"897",1468035,92,32
"898",1473032,114,37
"899",1475031,NA,NA
"900",1475032,NA,NA
"901",1480033,NA,NA
"902",1480034,NA,NA
"903",1485033,84,29
"904",1485034,84,29
"905",1494031,77,25
"906",1494032,77,25
"907",1498032,89,31
"908",1498034,101,35
"909",1498035,74,25
"910",1498037,74,25
"911",1498178,101,35
"912",1503170,NA,NA
"913",1505030,101,34
"914",1516030,99,35
"915",1516031,105,36
"916",1516033,105,36
"917",1516172,99,35
"918",1522035,115,37
"919",1522036,119,38
"920",1522037,99,33
"921",1522038,93,32
"922",1522040,119,38
"923",1522041,93,32
"924",1522042,124,39
"925",1522043,124,39
"926",1523031,NA,NA
"927",1533032,NA,NA
"928",1533033,NA,NA
"929",1533034,NA,NA
"930",1537172,108,35
"931",1540178,94,33
"932",1541036,89,29
"933",1541037,NA,NA
"934",1541038,89,29
"935",1542031,93,32
"936",1542033,103,35
"937",1542034,NA,NA
"938",1542035,103,35
"939",1542036,NA,NA
"940",1542037,92,32
"941",1542039,93,32
"942",1542040,92,32
"943",1547031,NA,NA
"944",1547032,NA,NA
"945",1547033,NA,NA
"946",1551032,NA,NA
"947",1551037,NA,NA
"948",1559030,105,36
"949",1568033,108,36
"950",1568034,97,31
"951",1571037,83,28
"952",1571038,87,30
"953",1571039,87,30
"954",1571040,97,33
"955",1571181,122,39
"956",1572038,95,33
"957",1572040,95,33
"958",1572041,NA,NA
"959",1579042,114,37
"960",1583031,78,24
"961",1591033,106,35
"962",1591034,106,35
"963",1591035,109,36
"964",1591036,109,36
"965",1597030,77,26
"966",1597031,77,26
"967",1608032,101,35
"968",1608033,101,35
"969",1610031,93,32
"970",1611032,93,32
"971",1611033,NA,NA
"972",1611034,NA,NA
"973",1611177,100,34
"974",1612030,79,27
"975",1613036,100,34
"976",1613038,100,34
"977",1613039,89,30
"978",1613041,103,36
"979",1613042,89,30
"980",1621031,92,32
"981",1621032,92,32
"982",1624035,92,29
"983",1624036,108,36
"984",1624037,108,36
"985",1627032,NA,NA
"986",1628032,162,43
"987",1628033,162,43
"988",1632030,NA,NA
"989",1632031,NA,NA
"990",1633174,69,23
"991",1633175,69,23
"992",1633178,NA,NA
"993",1634032,79,27
"994",1634033,79,27
"995",1644030,107,36
"996",1644032,107,36
"997",1645031,NA,NA
"998",1645032,NA,NA
"999",1648032,92,32
"1000",1648173,92,32
"1001",1654031,107,36
"1002",1654032,108,36
"1003",1663034,NA,NA
"1004",1663036,115,37
"1005",1663037,NA,NA
"1006",1663038,NA,NA
"1007",1663040,105,36
"1008",1663041,115,37
"1009",1663042,105,36
"1010",1663043,122,39
"1011",1663046,113,37
"1012",1670034,93,32
"1013",1670035,72,23
"1014",1670036,72,23
"1015",1679030,82,28
"1016",1682033,88,29
"1017",1682034,100,35
"1018",1682035,100,35
"1019",1684034,98,34
"1020",1684035,98,34
"1021",1684036,100,34
"1022",1684037,100,34
"1023",1687031,122,39
"1024",1690033,92,32
"1025",1690034,92,32
"1026",1690035,91,30
"1027",1690036,91,30
"1028",1690172,78,26
"1029",1690173,78,26
"1030",1692038,77,26
"1031",1692039,77,26
"1032",1692040,NA,NA
"1033",1695045,NA,NA
"1034",1695046,86,29
"1035",1695047,NA,NA
"1036",1695048,106,36
"1037",1695050,118,38
"1038",1695051,NA,NA
"1039",1695052,NA,NA
"1040",1695054,90,30
"1041",1695064,NA,NA
"1042",1695199,NA,NA
"1043",1697044,103,35
"1044",1697045,103,35
"1045",1697046,NA,NA
"1046",1697047,NA,NA
"1047",1697048,NA,NA
"1048",1697049,86,29
"1049",1698031,107,36
"1050",1698173,89,31
"1051",1700036,104,35
"1052",1700038,104,35
"1053",1700039,109,36
"1054",1700180,87,30
"1055",1701032,94,33
"1056",1701033,94,33
"1057",1701034,106,36
"1058",1701035,137,41
"1059",1701036,137,41
"1060",1709183,NA,NA
"1061",1709184,NA,NA
"1062",1720178,109,36
"1063",1722037,79,27
"1064",1722038,85,28
"1065",1722040,120,37
"1066",1722184,94,33
"1067",1722185,94,33
"1068",1731031,99,34
"1069",1731032,94,33
"1070",1731033,99,34
"1071",1731035,94,33
"1072",1732030,97,34
"1073",1732031,97,34
"1074",1738032,59,19
"1075",1738033,59,19
"1076",1740032,89,29
"1077",1750031,97,34
"1078",1758033,NA,NA
"1079",1758034,NA,NA
"1080",1758035,NA,NA
"1081",1758036,NA,NA
"1082",1762040,NA,NA
"1083",1762041,113,37
"1084",1762042,NA,NA
"1085",1762043,113,37
"1086",1762044,95,33
"1087",1762045,93,32
"1088",1763035,79,27
"1089",1763036,79,27
"1090",1763038,109,36
"1091",1763040,109,36
"1092",1767032,98,33
"1093",1767033,110,36
"1094",1775033,100,35
"1095",1775035,100,35
"1096",1775036,136,41
"1097",1775037,136,41
"1098",1775038,114,38
"1099",1775039,114,38
"1100",1782033,77,26
"1101",1782034,NA,NA
"1102",1782035,77,26
"1103",1782175,NA,NA
"1104",1783030,117,37
"1105",1783170,117,37
"1106",1784033,NA,NA
"1107",1784035,NA,NA
"1108",1786045,92,31
"1109",1786047,92,31
"1110",1786048,80,23
"1111",1786049,92,31
"1112",1786050,NA,NA
"1113",1787035,97,34
"1114",1794032,NA,NA
"1115",1795033,107,36
"1116",1798039,NA,NA
"1117",1798040,97,34
"1118",1798041,94,32
"1119",1799038,84,28
"1120",1799039,84,28
"1121",1802033,97,34
"1122",1803030,NA,NA
"1123",1803031,NA,NA
"1124",1805033,131,40
"1125",1805034,131,40
"1126",1805175,NA,NA
"1127",1807035,97,33
"1128",1807037,92,31
"1129",1810043,101,34
"1130",1813032,86,28
"1131",1822034,NA,NA
"1132",1823033,61,15
"1133",1823034,NA,NA
"1134",1824176,99,33
"1135",1830033,NA,NA
"1136",1830034,78,27
"1137",1837034,NA,NA
"1138",1837035,NA,NA
"1139",1839034,70,23
"1140",1839035,70,23
"1141",1839036,87,30
"1142",1839038,87,30
"1143",1841035,100,34
"1144",1841036,100,34
"1145",1841037,104,35
"1146",1841039,104,35
"1147",1845030,92,31
"1148",1845031,92,31
"1149",1850033,98,34
"1150",1850034,98,34
"1151",1852032,97,34
"1152",1859031,115,37
"1153",1859033,115,37
"1154",1862032,97,34
"1155",1862033,97,34
"1156",1862173,NA,NA
"1157",1866032,NA,NA
"1158",1866033,107,35
"1159",1866034,87,30
"1160",1867033,111,36
"1161",1867034,111,36
"1162",1877176,NA,NA
"1163",1878033,150,42
"1164",1878034,150,42
"1165",1879032,NA,NA
"1166",1879033,NA,NA
"1167",1887037,95,32
"1168",1893034,91,30
"1169",1893035,91,30
"1170",1893036,105,36
"1171",1893037,105,36
"1172",1893038,95,32
"1173",1897030,100,34
"1174",1898030,81,28
"1175",1901031,97,34
"1176",1901172,97,34
"1177",1905031,100,35
"1178",1905032,100,35
"1179",1905033,94,33
"1180",1906031,98,34
"1181",1908032,NA,NA
"1182",1908033,NA,NA
"1183",1909030,NA,NA
"1184",1909031,NA,NA
"1185",1911033,NA,NA
"1186",1911034,91,31
"1187",1911035,NA,NA
"1188",1914032,107,36
"1189",1914033,80,27
"1190",1915030,93,31
"1191",1915031,93,31
"1192",1915032,70,22
"1193",1917030,119,38
"1194",1917031,99,34
"1195",1917032,96,33
"1196",1917033,99,34
"1197",1917034,96,33
"1198",1918033,NA,NA
"1199",1919037,107,36
"1200",1919038,107,36
"1201",1919040,118,38
"1202",1919041,113,37
"1203",1919043,100,35
"1204",1919044,92,32
"1205",1919045,100,35
"1206",1919046,92,32
"1207",1920032,124,39
"1208",1920033,124,39
"1209",1925031,131,40
"1210",1926031,NA,NA
"1211",1926032,NA,NA
"1212",1926033,NA,NA
"1213",1928030,86,30
"1214",1930034,114,37
"1215",1930035,114,37
"1216",1932035,84,28
"1217",1935172,NA,NA
"1218",1935173,NA,NA
"1219",1945032,122,39
"1220",1947030,NA,NA
"1221",1947031,91,32
"1222",1947032,91,32
"1223",1954030,91,32
"1224",1954031,91,32
"1225",1954033,NA,NA
"1226",1954171,NA,NA
"1227",1955030,NA,NA
"1228",1956030,NA,NA
"1229",1959031,150,42
"1230",1959032,96,33
"1231",1960032,113,36
"1232",1960178,104,35
"1233",1960179,104,35
"1234",1962030,93,31
"1235",1962031,93,31
"1236",1965031,100,34
"1237",1969032,105,36
"1238",1969033,105,36
"1239",1970032,92,32
"1240",1971033,92,31
"1241",1975032,124,39
"1242",1975033,124,39
"1243",1978031,NA,NA
"1244",1985030,NA,NA
"1245",1994177,66,22
"1246",1994178,66,22
"1247",2004035,NA,NA
"1248",2004036,NA,NA
"1249",2006177,NA,NA
"1250",2006178,NA,NA
"1251",2011033,112,37
"1252",2011034,128,40
"1253",2011035,128,40
"1254",2012032,126,40
"1255",2012033,126,40
"1256",2012034,101,35
"1257",2013174,NA,NA
"1258",2016031,120,38
"1259",2016032,115,38
"1260",2016033,115,38
"1261",2017032,93,32
"1262",2019031,72,23
"1263",2019032,91,31
"1264",2022030,NA,NA
"1265",2022031,NA,NA
"1266",2028032,93,33
"1267",2030037,NA,NA
"1268",2030038,108,36
"1269",2030039,NA,NA
"1270",2030040,NA,NA
"1271",2030041,93,31
"1272",2032035,NA,NA
"1273",2032037,107,36
"1274",2032040,NA,NA
"1275",2032041,NA,NA
"1276",2033030,NA,NA
"1277",2034031,NA,NA
"1278",2034033,NA,NA
"1279",2034034,NA,NA
"1280",2047030,NA,NA
"1281",2047031,NA,NA
"1282",2050031,96,32
"1283",2050032,96,32
"1284",2051034,113,37
"1285",2051035,113,37
"1286",2053031,108,36
"1287",2053032,87,29
"1288",2053033,87,29
"1289",2054030,109,36
"1290",2054031,109,36
"1291",2055030,90,31
"1292",2055031,114,38
"1293",2055032,90,31
"1294",2055033,114,38
"1295",2055034,97,34
"1296",2056034,NA,NA
"1297",2059033,90,30
"1298",2060030,116,38
"1299",2061031,92,32
"1300",2061032,86,30
"1301",2061183,86,30
"1302",2067036,118,38
"1303",2067037,118,38
"1304",2067038,72,23
"1305",2073033,80,25
"1306",2073034,103,31
"1307",2075177,91,21
"1308",2080031,84,29
"1309",2080032,84,29
"1310",2083030,84,28
"1311",2083031,77,26
"1312",2083172,84,28
"1313",2083173,77,26
"1314",2086031,111,37
"1315",2086033,111,37
"1316",2088031,94,33
"1317",2095032,NA,NA
"1318",2095033,NA,NA
"1319",2106031,105,36
"1320",2106032,105,36
"1321",2106033,86,29
"1322",2108031,91,30
"1323",2108032,91,30
"1324",2108033,97,34
"1325",2108034,97,34
"1326",2108178,NA,NA
"1327",2108179,NA,NA
"1328",2109030,162,43
"1329",2109031,162,43
"1330",2117030,113,37
"1331",2117031,113,37
"1332",2117032,NA,NA
"1333",2117033,NA,NA
"1334",2125030,104,35
"1335",2125031,103,35
"1336",2125032,104,35
"1337",2125034,103,35
"1338",2126032,120,38
"1339",2127030,NA,NA
"1340",2127031,NA,NA
"1341",2128032,NA,NA
"1342",2128033,NA,NA
"1343",2129032,NA,NA
"1344",2129033,86,29
"1345",2129035,NA,NA
"1346",2129036,86,29
"1347",2129190,91,32
"1348",2137034,92,31
"1349",2138033,98,34
"1350",2138176,103,35
"1351",2143031,NA,NA
"1352",2143032,NA,NA
"1353",2150031,92,31
"1354",2151038,97,33
"1355",2151039,NA,NA
"1356",2151040,NA,NA
"1357",2151041,NA,NA
"1358",2164039,97,32
"1359",2164041,84,28
"1360",2164042,84,28
"1361",2175030,93,31
"1362",2175031,93,31
"1363",2175032,NA,NA
"1364",2175033,NA,NA
"1365",2176031,124,39
"1366",2176032,124,39
"1367",2177031,100,34
"1368",2177032,149,42
"1369",2177033,100,34
"1370",2177034,107,36
"1371",2177035,94,32
"1372",2177036,94,32
"1373",2181036,79,27
"1374",2181038,NA,NA
"1375",2188030,NA,NA
"1376",2188032,NA,NA
"1377",2191038,84,26
"1378",2191182,34,8
"1379",2194185,94,32
"1380",2195178,97,33
"1381",2195181,104,35
"1382",2196034,90,31
"1383",2196035,90,31
"1384",2197031,97,34
"1385",2197032,97,34
"1386",2198031,NA,NA
"1387",2198032,92,30
"1388",2198033,NA,NA
"1389",2198034,92,30
"1390",2198035,149,42
"1391",2198036,149,42
"1392",2199035,94,33
"1393",2199036,94,33
"1394",2201030,105,36
"1395",2201173,105,36
"1396",2205032,95,31
"1397",2207030,NA,NA
"1398",2207031,NA,NA
"1399",2210033,82,28
"1400",2210035,82,28
"1401",2210180,97,34
"1402",2210181,97,34
"1403",2219033,106,35
"1404",2219034,106,35
"1405",2224030,NA,NA
"1406",2224039,NA,NA
"1407",2224040,101,34
"1408",2224042,116,38
"1409",2224044,116,38
"1410",2224045,122,39
"1411",2225033,119,38
"1412",2225034,100,34
"1413",2228030,NA,NA
"1414",2228031,NA,NA
"1415",2228033,NA,NA
"1416",2228035,NA,NA
"1417",2228036,84,28
"1418",2237031,89,31
"1419",2237032,111,37
"1420",2238031,NA,NA
"1421",2238033,NA,NA
"1422",2238035,NA,NA
"1423",2238036,NA,NA
"1424",2238037,115,38
"1425",2240031,84,29
"1426",2240032,84,29
"1427",2240033,84,29
"1428",2240034,84,29
"1429",2240175,NA,NA
"1430",2244031,116,37
"1431",2246030,NA,NA
"1432",2248033,107,36
"1433",2248034,107,36
"1434",2250041,114,37
"1435",2250042,NA,NA
"1436",2250043,NA,NA
"1437",2250044,94,31
"1438",2250045,100,33
"1439",2251035,94,31
"1440",2251037,94,31
"1441",2251040,97,34
"1442",2256175,111,37
"1443",2260031,89,30
"1444",2260033,84,29
"1445",2260035,89,30
"1446",2260036,84,29
"1447",2261033,NA,NA
"1448",2261034,NA,NA
"1449",2271032,100,35
"1450",2271034,136,41
"1451",2271035,100,35
"1452",2272033,78,27
"1453",2276171,97,32
"1454",2277034,NA,NA
"1455",2277035,NA,NA
"1456",2277183,84,29
"1457",2277184,84,29
"1458",2278039,NA,NA
"1459",2278040,112,37
"1460",2278041,83,28
"1461",2278042,112,37
"1462",2278043,83,28
"1463",2280038,93,31
"1464",2280039,100,34
"1465",2280041,93,31
"1466",2280042,113,37
"1467",2280043,113,37
"1468",2282178,111,37
"1469",2285036,124,39
"1470",2285037,124,39
"1471",2288033,104,35
"1472",2288034,104,35
"1473",2292036,NA,NA
"1474",2297034,115,38
"1475",2299033,97,33
"1476",2299034,124,39
"1477",2299035,124,39
"1478",2299036,97,33
"1479",2302043,NA,NA
"1480",2302047,84,29
"1481",2302048,94,32
"1482",2302049,97,33
"1483",2302050,97,32
"1484",2302051,84,29
"1485",2302052,97,33
"1486",2302053,90,31
"1487",2302194,89,30
"1488",2302198,NA,NA
"1489",2302199,NA,NA
"1490",2304032,128,40
"1491",2304033,128,40
"1492",2311031,NA,NA
"1493",2311032,129,40
"1494",2311033,89,31
"1495",2311034,129,40
"1496",2311035,89,31
"1497",2323032,89,31
"1498",2323033,95,33
"1499",2323034,95,33
"1500",2326036,80,26
"1501",2326037,80,26
"1502",2330031,105,36
"1503",2330032,105,36
"1504",2335032,97,34
"1505",2341031,105,36
"1506",2341032,105,36
"1507",2341033,NA,NA
"1508",2341034,NA,NA
"1509",2352031,111,37
"1510",2352032,111,37
"1511",2353030,101,35
"1512",2353035,101,35
"1513",2354034,94,33
"1514",2354035,95,32
"1515",2354036,94,33
"1516",2355033,97,34
"1517",2355176,97,34
"1518",2379031,NA,NA
"1519",2379032,NA,NA
"1520",2379033,82,27
"1521",2383173,84,28
"1522",2383174,84,28
"1523",2392032,NA,NA
"1524",2392033,NA,NA
"1525",2392034,NA,NA
"1526",2392035,NA,NA
"1527",2392036,91,31
"1528",2392037,91,31
"1529",2393030,NA,NA
"1530",2393031,NA,NA
"1531",2397037,87,30
"1532",2397038,87,30
"1533",2409031,106,35
"1534",2409032,106,35
"1535",2409033,96,33
"1536",2409175,96,33
"1537",2410031,84,29
"1538",2410032,84,29
"1539",2410033,81,28
"1540",2411171,NA,NA
"1541",2411172,NA,NA
"1542",2411173,NA,NA
"1543",2411174,NA,NA
"1544",2412033,92,32
"1545",2416034,97,33
"1546",2416035,97,34
"1547",2416036,97,34
"1548",2417175,NA,NA
"1549",2417176,NA,NA
"1550",2418034,94,32
"1551",2422035,NA,NA
"1552",2422036,NA,NA
"1553",2427034,97,33
"1554",2427035,97,33
"1555",2432038,NA,NA
"1556",2432041,NA,NA
"1557",2432042,NA,NA
"1558",2432044,NA,NA
"1559",2432046,NA,NA
"1560",2432047,NA,NA
"1561",2432048,NA,NA
"1562",2432052,71,22
"1563",2432053,NA,NA
"1564",2432054,NA,NA
"1565",2432055,71,22
"1566",2432187,NA,NA
"1567",2434031,114,38
"1568",2434032,114,38
"1569",2435031,92,32
"1570",2435032,92,31
"1571",2435034,92,31
"1572",2435035,109,37
"1573",2435036,92,32
"1574",2436036,124,39
"1575",2436037,89,31
"1576",2441031,98,34
"1577",2441032,98,34
"1578",2441034,78,27
"1579",2441035,78,27
"1580",2441037,93,32
"1581",2443030,NA,NA
"1582",2443031,NA,NA
"1583",2443033,103,35
"1584",2443179,103,35
"1585",2461031,86,30
"1586",2461032,NA,NA
"1587",2461033,NA,NA
"1588",2461173,76,26
"1589",2464032,98,32
"1590",2468030,115,38
"1591",2468031,115,38
"1592",2469032,87,28
"1593",2473030,107,36
"1594",2473032,107,36
"1595",2474034,87,29
"1596",2478031,118,38
"1597",2478032,91,31
"1598",2485032,89,30
"1599",2485034,100,35
"1600",2485035,NA,NA
"1601",2485036,100,35
"1602",2486034,87,29
"1603",2490034,87,30
"1604",2492030,89,31
"1605",2501031,NA,NA
"1606",2501032,NA,NA
"1607",2501033,NA,NA
"1608",2501034,NA,NA
"1609",2502033,93,32
"1610",2502035,93,32
"1611",2502036,109,37
"1612",2502037,109,37
"1613",2506178,87,28
"1614",2509035,NA,NA
"1615",2509036,93,30
"1616",2509037,96,33
"1617",2509038,108,36
"1618",2509039,118,38
"1619",2509040,108,36
"1620",2509041,118,38
"1621",2509042,96,33
"1622",2509043,81,28
"1623",2510033,NA,NA
"1624",2510034,87,30
"1625",2510035,NA,NA
"1626",2510036,87,30
"1627",2515038,85,29
"1628",2515040,97,33
"1629",2515041,85,29
"1630",2516031,NA,NA
"1631",2516032,NA,NA
"1632",2516033,NA,NA
"1633",2518033,74,25
"1634",2518176,74,25
"1635",2524030,107,36
"1636",2524031,106,36
"1637",2525030,137,41
"1638",2525177,87,30
"1639",2526033,97,33
"1640",2526034,91,31
"1641",2526035,86,28
"1642",2529031,78,26
"1643",2530037,87,30
"1644",2530038,87,30
"1645",2530186,NA,NA
"1646",2532031,115,37
"1647",2532032,115,37
"1648",2538031,NA,NA
"1649",2539034,104,35
"1650",2540032,82,28
"1651",2540171,82,28
"1652",2545033,160,43
"1653",2545034,160,43
"1654",2557032,103,35
"1655",2557033,103,35
"1656",2558031,87,30
"1657",2558171,87,30
"1658",2566038,NA,NA
"1659",2566039,NA,NA
"1660",2569037,105,36
"1661",2569038,105,36
"1662",2576033,97,33
"1663",2576034,97,33
"1664",2577030,92,32
"1665",2577031,92,32
"1666",2578180,NA,NA
"1667",2586032,118,38
"1668",2586034,118,38
"1669",2586035,104,35
"1670",2590040,107,35
"1671",2590041,100,34
"1672",2590042,100,34
"1673",2590043,107,35
"1674",2591035,162,43
"1675",2593033,90,30
"1676",2594030,115,37
"1677",2599174,124,39
"1678",2599175,124,39
"1679",2601033,97,33
"1680",2601034,118,38
"1681",2601036,118,38
"1682",2601038,97,33
"1683",2603032,100,34
"1684",2603033,91,31
"1685",2603179,91,31
"1686",2607030,115,37
"1687",2610032,100,35
"1688",2611037,69,22
"1689",2611038,69,22
"1690",2613030,NA,NA
"1691",2613031,NA,NA
"1692",2615046,115,37
"1693",2615047,114,37
"1694",2615048,124,39
"1695",2615049,114,37
"1696",2618032,NA,NA
"1697",2618033,NA,NA
"1698",2618034,120,39
"1699",2618035,106,36
"1700",2618037,120,39
"1701",2621034,106,34
"1702",2628032,115,37
"1703",2628034,82,28
"1704",2628035,82,28
"1705",2628037,115,37
"1706",2629030,89,31
"1707",2629031,89,31
"1708",2639030,105,36
"1709",2640030,97,34
"1710",2642032,NA,NA
"1711",2642034,NA,NA
"1712",2642035,NA,NA
"1713",2643032,NA,NA
"1714",2645030,92,31
"1715",2646032,NA,NA
"1716",2646033,NA,NA
"1717",2647030,99,34
"1718",2653030,103,35
"1719",2655031,97,34
"1720",2655032,97,34
"1721",2655033,89,30
"1722",2656033,95,31
"1723",2656034,99,34
"1724",2656035,95,31
"1725",2656036,99,34
"1726",2656037,NA,NA
"1727",2657036,NA,NA
"1728",2657037,118,38
"1729",2657038,NA,NA
"1730",2660031,NA,NA
"1731",2660032,NA,NA
"1732",2661040,100,35
"1733",2661041,66,22
"1734",2661042,66,22
"1735",2661043,98,33
"1736",2661044,101,35
"1737",2662032,NA,NA
"1738",2672030,92,32
"1739",2672031,99,34
"1740",2672032,99,34
"1741",2673174,110,36
"1742",2678037,NA,NA
"1743",2678038,95,33
"1744",2678040,95,33
"1745",2680032,149,42
"1746",2680033,92,32
"1747",2680034,92,32
"1748",2682032,NA,NA
"1749",2682033,NA,NA
"1750",2688036,92,31
"1751",2701038,67,21
"1752",2701043,NA,NA
"1753",2701047,NA,NA
"1754",2701048,NA,NA
"1755",2701049,86,27
"1756",2701050,91,31
"1757",2701051,86,27
"1758",2701052,NA,NA
"1759",2701208,91,31
"1760",2704185,91,30
"1761",2704186,91,30
"1762",2707034,87,22
"1763",2707035,91,30
"1764",2707037,NA,NA
"1765",2707038,NA,NA
"1766",2707042,NA,NA
"1767",2707043,86,30
"1768",2707044,86,30
"1769",2707182,91,30
"1770",2712032,NA,NA
"1771",2714036,84,29
"1772",2714183,89,29
"1773",2715030,91,30
"1774",2716032,106,36
"1775",2716033,106,36
"1776",2717033,89,29
"1777",2717034,81,27
"1778",2717036,81,27
"1779",2717038,99,35
"1780",2722031,114,37
"1781",2726030,87,28
"1782",2726031,87,28
"1783",2727035,107,36
"1784",2727036,107,36
"1785",2727178,100,35
"1786",2727179,100,35
"1787",2731034,NA,NA
"1788",2731035,74,25
"1789",2731036,74,25
"1790",2731037,74,25
"1791",2731175,NA,NA
"1792",2744034,NA,NA
"1793",2750031,100,35
"1794",2750032,100,35
"1795",2752032,80,25
"1796",2752033,115,38
"1797",2753034,NA,NA
"1798",2753035,NA,NA
"1799",2753174,NA,NA
"1800",2756034,99,34
"1801",2756173,99,34
"1802",2771033,125,39
"1803",2771034,125,39
"1804",2774172,NA,NA
"1805",2776031,NA,NA
"1806",2776032,NA,NA
"1807",2779031,97,34
"1808",2782177,91,30
"1809",2783031,120,38
"1810",2786032,51,15
"1811",2786033,88,30
"1812",2786034,51,15
"1813",2799031,NA,NA
"1814",2799032,NA,NA
"1815",2800035,95,32
"1816",2801035,NA,NA
"1817",2801179,95,33
"1818",2801180,95,33
"1819",2806033,93,32
"1820",2807030,92,32
"1821",2807031,92,32
"1822",2816033,92,32
"1823",2822032,NA,NA
"1824",2831032,NA,NA
"1825",2831033,NA,NA
"1826",2835030,111,37
"1827",2835031,111,37
"1828",2836033,NA,NA
"1829",2836035,NA,NA
"1830",2846176,NA,NA
"1831",2846177,NA,NA
"1832",2847040,90,31
"1833",2848036,81,27
"1834",2848037,77,25
"1835",2848038,88,29
"1836",2848039,59,19
"1837",2848040,59,19
"1838",2848041,46,14
"1839",2848042,46,14
"1840",2848043,95,29
"1841",2848175,81,27
"1842",2848179,77,25
"1843",2849031,NA,NA
"1844",2849032,NA,NA
"1845",2851031,96,33
"1846",2851032,97,33
"1847",2851033,97,33
"1848",2851034,91,31
"1849",2851035,91,31
"1850",2852041,98,34
"1851",2852046,94,33
"1852",2852048,103,35
"1853",2852049,98,34
"1854",2852050,97,32
"1855",2852051,103,35
"1856",2852052,70,22
"1857",2852053,94,33
"1858",2852054,70,22
"1859",2860031,87,30
"1860",2860032,87,30
"1861",2867032,NA,NA
"1862",2869031,97,34
"1863",2874032,NA,NA
"1864",2874033,NA,NA
"1865",2875034,72,23
"1866",2875035,72,23
"1867",2876032,84,28
"1868",2880030,96,33
"1869",2880031,96,33
"1870",2881033,NA,NA
"1871",2881036,NA,NA
"1872",2881037,71,24
"1873",2882032,100,34
"1874",2882033,103,35
"1875",2882034,103,35
"1876",2887036,96,33
"1877",2888030,95,31
"1878",2890031,94,31
"1879",2893031,104,35
"1880",2893177,104,35
"1881",2895032,120,38
"1882",2895033,97,34
"1883",2895034,97,34
"1884",2897031,NA,NA
"1885",2897032,89,30
"1886",2897033,NA,NA
"1887",2897034,89,30
"1888",2897036,96,33
"1889",2897180,92,32
"1890",2897182,92,32
"1891",2898031,NA,NA
"1892",2898032,118,38
"1893",2902030,107,36
"1894",2902032,NA,NA
"1895",2902033,107,36
"1896",2907035,77,25
"1897",2907036,77,25
"1898",2907037,NA,NA
"1899",2907038,NA,NA
"1900",2907041,100,35
"1901",2907043,100,35
"1902",2910032,87,30
"1903",2910033,87,30
"1904",2916031,89,29
"1905",2916032,89,29
"1906",2920034,NA,NA
"1907",2920035,NA,NA
"1908",2921031,NA,NA
"1909",2921033,NA,NA
"1910",3002002,126,40
"1911",3005002,49,18
"1912",3006004,66,19
"1913",3010003,NA,NA
"1914",3010004,NA,NA
"1915",3012002,NA,NA
"1916",3018002,NA,NA
"1917",3018003,NA,NA
"1918",3019003,97,33
"1919",3021003,14,4
"1920",3021004,14,4
"1921",3023003,149,42
"1922",3023004,149,42
"1923",3024003,NA,NA
"1924",3025003,NA,NA
"1925",3025004,NA,NA
"1926",3027002,NA,NA
"1927",3030003,NA,NA
"1928",3032003,NA,NA
"1929",3033002,72,22
"1930",3034004,NA,NA
"1931",3036004,NA,NA
"1932",3036005,NA,NA
"1933",3037002,65,25
"1934",3037004,65,25
"1935",3041003,149,42
"1936",3041004,149,42
"1937",3043003,65,20
"1938",3045003,98,34
"1939",3045004,98,34
"1940",3046005,NA,NA
"1941",3046007,NA,NA
"1942",3047005,NA,NA
"1943",3047006,NA,NA
"1944",3049004,NA,NA
"1945",3049005,NA,NA
"1946",3050003,51,17
"1947",3050004,51,17
"1948",3055003,95,32
"1949",3055004,95,32
"1950",3056003,NA,NA
"1951",3057004,NA,NA
"1952",3057005,NA,NA
"1953",3059003,79,26
"1954",3059004,79,26
"1955",3061003,NA,NA
"1956",3061004,NA,NA
"1957",3063005,NA,NA
"1958",3063006,NA,NA
"1959",3064006,NA,NA
"1960",3064007,NA,NA
"1961",3066003,81,28
"1962",3070003,85,30
"1963",3073002,98,33
"1964",3075004,83,33
"1965",3078003,70,27
"1966",3079005,96,31
"1967",3080003,75,29
"1968",3082003,84,33
"1969",3082004,84,33
"1970",3085003,99,34
"1971",3085004,99,34
"1972",3088004,72,28
"1973",3088005,72,28
"1974",3089006,95,38
"1975",3089007,95,38
"1976",3090003,91,30
"1977",3090004,91,30
"1978",3091003,104,35
"1979",3091004,104,35
"1980",3092003,NA,NA
"1981",3092004,NA,NA
"1982",3093002,NA,NA
"1983",3094003,93,37
"1984",3094004,93,37
"1985",3095003,NA,NA
"1986",3095004,NA,NA
"1987",3096003,72,24
"1988",3098003,66,25
"1989",3098004,66,25
"1990",3099004,84,32
"1991",3099005,84,32
"1992",3105003,64,21
"1993",3105004,64,21
"1994",3108004,91,35
"1995",3109003,NA,NA
"1996",3110003,NA,NA
"1997",3110005,NA,NA
"1998",3111004,NA,NA
"1999",3111005,NA,NA
"2000",3113003,NA,NA
"2001",3115004,NA,NA
"2002",3116002,66,22
"2003",3117005,NA,NA
"2004",3117006,NA,NA
"2005",3121004,NA,NA
"2006",3123003,104,35
"2007",3124003,79,26
"2008",3125004,70,27
"2009",3125005,70,27
"2010",3126004,NA,NA
"2011",3127003,66,22
"2012",3127004,66,22
"2013",3128004,NA,NA
"2014",3128006,NA,NA
"2015",3129003,NA,NA
"2016",3129004,NA,NA
"2017",3130002,69,23
"2018",3131002,NA,NA
"2019",3131003,NA,NA
"2020",3133003,81,24
"2021",3135003,76,26
"2022",3135004,76,26
"2023",3136003,76,26
"2024",3140003,63,20
"2025",3140004,63,20
"2026",3141005,84,26
"2027",3143004,NA,NA
"2028",3144003,NA,NA
"2029",3147006,NA,NA
"2030",3149003,NA,NA
"2031",3151004,NA,NA
"2032",3151005,NA,NA
"2033",3154003,NA,NA
"2034",3155005,NA,NA
"2035",3155006,NA,NA
"2036",3156003,NA,NA
"2037",3156004,NA,NA
"2038",3157004,NA,NA
"2039",3157005,NA,NA
"2040",3159003,101,34
"2041",3159004,101,34
"2042",3161003,124,39
"2043",3162005,70,26
"2044",3162006,70,26
"2045",3163004,61,20
"2046",3167003,NA,NA
"2047",3168003,NA,NA
"2048",3168004,NA,NA
"2049",3171005,NA,NA
"2050",3172004,81,31
"2051",3176004,96,38
"2052",3176005,96,38
"2053",3177003,54,20
"2054",3178003,88,35
"2055",3178005,88,35
"2056",3179004,75,29
"2057",3179006,75,29
"2058",3189003,97,33
"2059",3190003,NA,NA
"2060",3191004,92,29
"2061",3194003,79,27
"2062",3194004,79,27
"2063",3196003,62,22
"2064",3196006,62,22
"2065",3197005,88,29
"2066",3198002,81,27
"2067",3200004,77,29
"2068",3200006,77,29
"2069",3202003,NA,NA
"2070",3202005,NA,NA
"2071",3204003,NA,NA
"2072",3204004,NA,NA
"2073",3205002,NA,NA
"2074",3206004,NA,NA
"2075",3207004,NA,NA
"2076",3207005,NA,NA
"2077",3211003,NA,NA
"2078",3211004,NA,NA
"2079",3212005,NA,NA
"2080",3212007,NA,NA
"2081",3217003,91,36
"2082",3221003,78,31
"2083",3221005,78,31
"2084",3223003,79,31
"2085",3223004,79,31
"2086",3224006,71,24
"2087",3224007,70,24
"2088",3225003,61,23
"2089",3225006,61,23
"2090",3227003,56,21
"2091",3227004,56,21
"2092",3228003,77,26
"2093",3228006,77,26
"2094",3229003,75,29
"2095",3229004,75,29
"2096",3231003,84,33
"2097",3232004,72,22
"2098",3232005,72,22
"2099",3233003,65,25
"2100",3233004,65,25
"2101",3237006,72,25
"2102",3237007,72,25
"2103",3238003,87,29
"2104",3238004,87,29
"2105",3239003,75,29
"2106",3239004,75,29
"2107",3240003,NA,NA
"2108",3240006,NA,NA
"2109",3242003,58,20
"2110",3242004,58,20
"2111",3243004,92,36
"2112",3248004,NA,NA
"2113",3248005,NA,NA
"2114",3249004,77,26
"2115",3249007,77,26
"2116",3250003,90,34
"2117",3250004,90,34
"2118",3257003,67,26
"2119",3257004,67,26
"2120",3258004,73,27
"2121",3258005,73,27
"2122",3265003,NA,NA
"2123",3265004,NA,NA
"2124",3270002,NA,NA
"2125",3275003,NA,NA
"2126",3275004,NA,NA
"2127",3276004,NA,NA
"2128",3277003,NA,NA
"2129",3277004,NA,NA
"2130",3279006,NA,NA
"2131",3279007,NA,NA
"2132",3282005,NA,NA
"2133",3282007,NA,NA
"2134",3289003,75,28
"2135",3291003,86,30
"2136",3294004,88,35
"2137",3302003,94,32
"2138",3302004,94,32
"2139",3303007,84,33
"2140",3308003,89,30
"2141",3309003,87,28
"2142",3309004,87,28
"2143",3310003,NA,NA
"2144",3311005,NA,NA
"2145",3311007,NA,NA
"2146",3312005,NA,NA
"2147",3317003,NA,NA
"2148",3317004,NA,NA
"2149",3318003,NA,NA
"2150",3320002,NA,NA
"2151",3323003,81,28
"2152",3323004,81,28
"2153",3326003,NA,NA
"2154",3328005,NA,NA
"2155",3328006,NA,NA
"2156",3330003,NA,NA
"2157",3331006,NA,NA
"2158",3331008,NA,NA
"2159",3332003,NA,NA
"2160",3332004,NA,NA
"2161",3333003,NA,NA
"2162",3336003,76,26
"2163",3336005,76,26
"2164",3343003,66,20
"2165",3345003,88,27
"2166",3345005,88,27
"2167",3346003,NA,NA
"2168",3347005,54,20
"2169",3348006,79,29
"2170",3349003,NA,NA
"2171",3349004,NA,NA
"2172",3350003,86,30
"2173",3352003,78,27
"2174",3353003,72,28
"2175",3353004,72,28
"2176",3355005,NA,NA
"2177",3355006,NA,NA
"2178",3356006,76,29
"2179",3360002,NA,NA
"2180",3360003,NA,NA
"2181",3365004,80,29
"2182",3365005,80,29
"2183",3367003,76,29
"2184",3367004,76,29
"2185",3368007,58,21
"2186",3368008,58,21
"2187",3369004,78,30
"2188",3369007,78,30
"2189",3371004,NA,NA
"2190",3371005,NA,NA
"2191",3372007,NA,NA
"2192",3372008,NA,NA
"2193",3373003,71,27
"2194",3373004,71,27
"2195",3374005,74,29
"2196",3375005,NA,NA
"2197",3375006,NA,NA
"2198",3376006,81,25
"2199",3376007,81,25
"2200",3378003,54,20
"2201",3378004,54,20
"2202",3380004,79,31
"2203",3380005,79,31
"2204",3382003,85,34
"2205",3382004,85,34
"2206",3386003,72,23
"2207",3386004,72,23
"2208",3387003,NA,NA
"2209",3389003,NA,NA
"2210",3390003,64,21
"2211",3396004,NA,NA
"2212",3397003,84,33
"2213",3397007,88,33
"2214",3403005,NA,NA
"2215",3403006,NA,NA
"2216",3404003,NA,NA
"2217",3404004,NA,NA
"2218",3407003,80,27
"2219",3407004,80,27
"2220",3408004,99,38
"2221",3409003,95,33
"2222",3409004,95,33
"2223",3413005,NA,NA
"2224",3416003,97,34
"2225",3417003,NA,NA
"2226",3420004,67,20
"2227",3420005,67,20
"2228",3422003,NA,NA
"2229",3422004,NA,NA
"2230",3425004,83,19
"2231",3427004,81,32
"2232",3427005,81,32
"2233",3429004,NA,NA
"2234",3429005,NA,NA
"2235",3437003,81,31
"2236",3437007,81,31
"2237",3441003,78,31
"2238",3441005,78,31
"2239",5012038,79,23
"2240",5012039,79,23
"2241",5012177,94,33
"2242",5014035,92,31
"2243",5014040,98,31
"2244",5015034,72,23
"2245",5015035,72,23
"2246",5015036,87,30
"2247",5015177,87,30
"2248",5016033,84,29
"2249",5016034,84,29
"2250",5017032,97,34
"2251",5017175,88,27
"2252",5018033,96,32
"2253",5018034,86,30
"2254",5031038,76,25
"2255",5031039,74,24
"2256",5031040,76,25
"2257",5031041,97,34
"2258",5031042,NA,NA
"2259",5031043,NA,NA
"2260",5031044,97,34
"2261",5031046,NA,NA
"2262",5031050,65,19
"2263",5031052,NA,NA
"2264",5034040,93,31
"2265",5034042,103,34
"2266",5034043,103,34
"2267",5035031,97,33
"2268",5036031,89,29
"2269",5037034,92,31
"2270",5037185,92,31
"2271",5040033,89,31
"2272",5040181,89,31
"2273",5045033,NA,NA
"2274",5046176,NA,NA
"2275",5046177,NA,NA
"2276",5047031,NA,NA
"2277",5047032,NA,NA
"2278",5048039,124,39
"2279",5048041,NA,NA
"2280",5048045,NA,NA
"2281",5048046,98,31
"2282",5052048,85,27
"2283",5052049,95,32
"2284",5052050,89,30
"2285",5052051,84,28
"2286",5052052,84,28
"2287",5052192,95,32
"2288",5055037,94,33
"2289",5055038,94,33
"2290",5055042,53,17
"2291",5055043,85,29
"2292",5055044,75,23
"2293",5055176,85,29
"2294",5057038,NA,NA
"2295",5057041,70,22
"2296",5057042,99,35
"2297",5057044,70,22
"2298",5057045,99,35
"2299",5057047,NA,NA
"2300",5057196,NA,NA
"2301",5057197,96,32
"2302",5057198,96,32
"2303",5061034,95,32
"2304",5061035,75,24
"2305",5065037,NA,NA
"2306",5065038,90,31
"2307",5065039,88,30
"2308",5065040,90,31
"2309",5065043,86,28
"2310",5065045,88,30
"2311",5065046,93,33
"2312",5066037,72,24
"2313",5066039,96,33
"2314",5066040,96,33
"2315",5066041,NA,NA
"2316",5066181,94,32
"2317",5067035,77,25
"2318",5067036,77,25
"2319",5069037,91,30
"2320",5069038,91,30
"2321",5070175,87,28
"2322",5071035,NA,NA
"2323",5071036,NA,NA
"2324",5082030,92,31
"2325",5120030,90,31
"2326",5120031,92,31
"2327",5120032,112,37
"2328",5120033,114,36
"2329",5126035,87,23
"2330",5133033,NA,NA
"2331",5133034,96,31
"2332",5133035,96,31
"2333",5136039,NA,NA
"2334",5136040,84,29
"2335",5136041,84,29
"2336",5136042,94,31
"2337",5136043,94,31
"2338",5136180,82,27
"2339",5136181,82,27
"2340",5136183,NA,NA
"2341",5142033,NA,NA
"2342",5142034,103,36
"2343",5142035,103,36
"2344",5145034,68,18
"2345",5145035,68,18
"2346",5145176,93,31
"2347",5145177,93,31
"2348",5154039,82,27
"2349",5154041,82,27
"2350",5154044,93,30
"2351",5154045,50,15
"2352",5154046,93,30
"2353",5163032,100,34
"2354",5164032,79,25
"2355",5164034,NA,NA
"2356",5170038,NA,NA
"2357",5170040,NA,NA
"2358",5170041,84,29
"2359",5170042,97,33
"2360",5170043,82,28
"2361",5170185,88,30
"2362",5171032,97,34
"2363",5177033,91,32
"2364",5177035,91,32
"2365",5177036,97,33
"2366",5180032,100,34
"2367",5182040,124,39
"2368",5182041,124,39
"2369",5182042,NA,NA
"2370",5182043,91,31
"2371",5182044,84,29
"2372",5182045,91,31
"2373",5182046,85,28
"2374",5182047,84,28
"2375",5182048,84,29
"2376",5199035,81,28
"2377",5215032,105,36
"2378",5215033,105,36
"2379",5216171,96,32
"2380",5219035,NA,NA
"2381",5219193,NA,NA
"2382",5230039,97,32
"2383",5230041,93,31
"2384",5230042,112,37
"2385",5230196,77,25
"2386",5230197,77,25
"2387",5234030,74,23
"2388",5234031,74,23
"2389",5241172,85,29
"2390",5259039,NA,NA
"2391",5264031,105,36
"2392",5264032,105,36
"2393",5274031,90,27
"2394",5274032,90,27
"2395",5281032,107,35
"2396",5287032,93,33
"2397",5287034,92,31
"2398",5287035,72,24
"2399",5287036,72,24
"2400",5287186,70,21
"2401",5287193,NA,NA
"2402",5287194,93,33
"2403",5290034,82,28
"2404",5290185,NA,NA
"2405",5292039,80,25
"2406",5292040,37,12
"2407",5292043,37,12
"2408",5299040,67,19
"2409",5299041,NA,NA
"2410",5299042,NA,NA
"2411",5299043,103,35
"2412",5299047,67,19
"2413",5299050,103,35
"2414",5299055,NA,NA
"2415",5299056,84,29
"2416",5299057,84,29
"2417",5299058,106,34
"2418",5299177,NA,NA
"2419",5299178,NA,NA
"2420",5302037,NA,NA
"2421",5302182,104,35
"2422",5305034,93,31
"2423",5305035,93,31
"2424",5305036,100,34
"2425",5305037,100,34
"2426",5306032,76,25
"2427",5306033,NA,NA
"2428",5306173,84,28
"2429",5308032,96,32
"2430",5308033,101,35
"2431",5314032,82,28
"2432",5314034,82,28
"2433",5314035,79,27
"2434",5314036,79,27
"2435",5314037,79,27
"2436",5314038,79,27
"2437",5315034,99,35
"2438",5315036,99,35
"2439",5321033,NA,NA
"2440",5323030,NA,NA
"2441",5332041,75,25
"2442",5332042,72,24
"2443",5332043,97,32
"2444",5332187,75,25
"2445",5335035,NA,NA
"2446",5335036,NA,NA
"2447",5336030,78,27
"2448",5343179,79,23
"2449",5343180,79,23
"2450",5348032,87,30
"2451",5348033,74,24
"2452",5348034,87,30
"2453",5350037,82,28
"2454",5350039,84,28
"2455",5350178,82,28
"2456",5363032,90,31
"2457",5363033,NA,NA
"2458",5363034,NA,NA
"2459",5363035,90,31
"2460",5366047,NA,NA
"2461",5366048,85,29
"2462",5366049,NA,NA
"2463",5366193,NA,NA
"2464",5366195,NA,NA
"2465",5375030,87,30
"2466",5379032,86,29
"2467",5379033,86,29
"2468",5381032,NA,NA
"2469",5392035,NA,NA
"2470",5392038,95,33
"2471",5392039,97,34
"2472",5392040,97,34
"2473",5393036,97,32
"2474",5393037,94,33
"2475",5393038,71,22
"2476",5393179,69,23
"2477",5395035,NA,NA
"2478",5395037,86,29
"2479",5396034,86,29
"2480",5397033,NA,NA
"2481",5397034,NA,NA
"2482",5397036,NA,NA
"2483",5403030,86,30
"2484",5403174,86,30
"2485",5406033,NA,NA
"2486",5406176,NA,NA
"2487",5416035,52,17
"2488",5417182,84,28
"2489",5417183,84,28
"2490",5424033,90,31
"2491",5424034,90,31
"2492",5425033,72,24
"2493",5425034,72,24
"2494",5429031,NA,NA
"2495",5429032,NA,NA
"2496",5429033,55,18
"2497",5429035,55,18
"2498",5430043,80,24
"2499",5430044,59,19
"2500",5430045,NA,NA
"2501",5430046,84,29
"2502",5430047,NA,NA
"2503",5430050,75,25
"2504",5430052,87,30
"2505",5430053,84,29
"2506",5430184,59,19
"2507",5430195,75,21
"2508",5430196,66,22
"2509",5430197,90,31
"2510",5430198,90,31
"2511",5440032,84,29
"2512",5440033,84,29
"2513",5442174,NA,NA
"2514",5442175,NA,NA
"2515",5442177,77,26
"2516",5442178,77,26
"2517",5443037,NA,NA
"2518",5446032,84,27
"2519",5447032,74,25
"2520",5447033,74,25
"2521",5447034,53,17
"2522",5449033,82,28
"2523",5449034,78,26
"2524",5451030,82,27
"2525",5458035,91,29
"2526",5458036,87,28
"2527",5458037,76,24
"2528",5458173,NA,NA
"2529",5459032,73,25
"2530",5462031,NA,NA
"2531",5462032,89,30
"2532",5462033,NA,NA
"2533",5462034,104,35
"2534",5462035,89,30
"2535",5462036,82,28
"2536",5463040,84,29
"2537",5463041,NA,NA
"2538",5463044,108,36
"2539",5463045,82,28
"2540",5463180,NA,NA
"2541",5464040,NA,NA
"2542",5464041,92,32
"2543",5464042,NA,NA
"2544",5464043,90,31
"2545",5464183,90,31
"2546",5476030,78,27
"2547",5478032,NA,NA
"2548",5478033,NA,NA
"2549",5478034,88,30
"2550",5479031,44,14
"2551",5488031,78,27
"2552",5491033,150,42
"2553",5491034,149,42
"2554",5493039,NA,NA
"2555",5493042,NA,NA
"2556",5495032,84,29
"2557",5495033,97,34
"2558",5495034,84,29
"2559",5495176,160,43
"2560",5499032,NA,NA
"2561",5499033,NA,NA
"2562",5499036,79,26
"2563",5501039,92,31
"2564",5501041,80,27
"2565",5501044,80,27
"2566",5501182,NA,NA
"2567",5503032,80,27
"2568",5503176,61,20
"2569",5503185,61,20
"2570",5521171,NA,NA
"2571",5526044,91,31
"2572",5526046,91,31
"2573",5526047,NA,NA
"2574",5526048,NA,NA
"2575",5526049,100,34
"2576",5526196,NA,NA
"2577",5526197,82,27
"2578",5527031,79,27
"2579",5534032,82,28
"2580",5537037,NA,NA
"2581",5537038,93,33
"2582",5537039,NA,NA
"2583",5537041,NA,NA
"2584",5537042,93,33
"2585",5537044,NA,NA
"2586",5537180,NA,NA
"2587",5539036,NA,NA
"2588",5539037,82,27
"2589",5539038,NA,NA
"2590",5539039,NA,NA
"2591",5539040,94,31
"2592",5539184,83,28
"2593",5539187,83,28
"2594",5539191,86,30
"2595",5542032,95,31
"2596",5547035,NA,NA
"2597",5547040,84,29
"2598",5547041,84,29
"2599",5548036,NA,NA
"2600",5548037,NA,NA
"2601",5548038,NA,NA
"2602",5548042,NA,NA
"2603",5549033,NA,NA
"2604",5549034,82,27
"2605",5549036,82,27
"2606",5553031,115,37
"2607",5559034,14,6
"2608",5559036,NA,NA
"2609",5559037,79,27
"2610",5560040,77,26
"2611",5560041,77,26
"2612",5560042,78,26
"2613",5562032,NA,NA
"2614",5565176,85,27
"2615",5569038,79,25
"2616",5569039,79,25
"2617",5569180,98,33
"2618",5569181,98,33
"2619",5569183,89,30
"2620",5569197,79,26
"2621",5569198,88,30
"2622",5570041,92,30
"2623",5570042,77,26
"2624",5570043,77,26
"2625",5570044,NA,NA
"2626",5570047,89,30
"2627",5570189,89,28
"2628",5570200,84,29
"2629",5570201,84,29
"2630",5570204,91,31
"2631",5573041,65,20
"2632",5573042,NA,NA
"2633",5573043,82,27
"2634",5573044,NA,NA
"2635",5576037,38,9
"2636",5576038,85,29
"2637",5576041,66,21
"2638",5576176,NA,NA
"2639",5584033,122,39
"2640",5592031,77,26
"2641",5592032,77,26
"2642",5592033,NA,NA
"2643",5592177,81,26
"2644",5592179,81,26
"2645",5600030,84,29
"2646",5600032,84,29
"2647",5608030,82,26
"2648",5608031,82,26
"2649",5610031,80,24
"2650",5610032,80,24
"2651",5610033,NA,NA
"2652",5610034,NA,NA
"2653",5612037,76,26
"2654",5612039,82,28
"2655",5612040,82,28
"2656",5612041,76,26
"2657",5612042,112,37
"2658",5613041,94,31
"2659",5613043,62,19
"2660",5613044,90,29
"2661",5613045,79,27
"2662",5613046,79,27
"2663",5613048,57,18
"2664",5613049,70,21
"2665",5613191,71,24
"2666",5614034,92,31
"2667",5614036,73,25
"2668",5614037,92,31
"2669",5614038,85,25
"2670",5614180,101,34
"2671",5615037,86,30
"2672",5615038,81,28
"2673",5615182,81,28
"2674",5619037,NA,NA
"2675",5619038,NA,NA
"2676",5619039,87,29
"2677",5621031,105,36
"2678",5621032,94,33
"2679",5621033,93,33
"2680",5621034,81,27
"2681",5623046,129,40
"2682",5623047,84,29
"2683",5623048,84,29
"2684",5623049,84,27
"2685",5623053,92,29
"2686",5623054,NA,NA
"2687",5623055,84,24
"2688",5625032,92,32
"2689",5626034,86,28
"2690",5626035,68,23
"2691",5628033,NA,NA
"2692",5628035,NA,NA
"2693",5628037,79,26
"2694",5628041,79,26
"2695",5628175,72,24
"2696",5628183,81,23
"2697",5635039,93,30
"2698",5635043,NA,NA
"2699",5635180,93,30
"2700",5635183,90,29
"2701",5635192,90,31
"2702",5640033,87,30
"2703",5640035,87,30
"2704",5641037,70,22
"2705",5641038,70,22
"2706",5642032,93,31
"2707",5643030,89,29
"2708",5643031,89,29
"2709",5646035,90,31
"2710",5646038,90,31
"2711",5653033,85,29
"2712",5653034,85,29
"2713",5655035,91,30
"2714",5655037,82,27
"2715",5655040,82,27
"2716",5656044,NA,NA
"2717",5656045,100,34
"2718",5660030,96,33
"2719",5660031,96,33
"2720",5663046,85,29
"2721",5663047,72,24
"2722",5663048,NA,NA
"2723",5663049,77,25
"2724",5663050,85,29
"2725",5663052,72,24
"2726",5663053,83,28
"2727",5664032,97,34
"2728",5664033,97,34
"2729",5676034,NA,NA
"2730",5677040,59,18
"2731",5677043,73,21
"2732",5678034,79,25
"2733",5678036,79,25
"2734",5678037,72,24
"2735",5678038,78,25
"2736",5678039,72,24
"2737",5678041,78,25
"2738",5680031,82,27
"2739",5680032,69,23
"2740",5680033,82,27
"2741",5680034,69,23
"2742",5681041,89,30
"2743",5681042,89,30
"2744",5683041,84,29
"2745",5683042,82,28
"2746",5683043,84,29
"2747",5683183,79,26
"2748",5684038,138,41
"2749",5684039,NA,NA
"2750",5684040,NA,NA
"2751",5684041,37,12
"2752",5684198,NA,NA
"2753",5684201,NA,NA
"2754",5689198,84,29
"2755",5693042,NA,NA
"2756",5693049,63,20
"2757",5693196,NA,NA
"2758",5693204,68,21
"2759",5698034,NA,NA
"2760",5698170,NA,NA
"2761",5706039,92,32
"2762",5706040,131,40
"2763",5706208,131,40
"2764",5706209,111,36
"2765",5714032,104,35
"2766",5714033,104,35
"2767",5715033,97,33
"2768",5715035,97,33
"2769",5748035,69,23
"2770",5748036,69,23
"2771",5749044,91,29
"2772",5749046,66,21
"2773",5749047,91,29
"2774",5749048,66,21
"2775",5750033,74,24
"2776",5770031,94,32
"2777",5771030,NA,NA
"2778",5774032,82,28
"2779",5774033,82,28
"2780",5780031,99,34
"2781",5784032,55,17
"2782",5784037,55,17
"2783",5801033,NA,NA
"2784",5801034,NA,NA
"2785",5801035,83,26
"2786",5812046,59,19
"2787",5812047,59,19
"2788",5812048,NA,NA
"2789",5812050,87,30
"2790",5812051,100,35
"2791",5812052,87,30
"2792",5812053,91,30
"2793",5812054,NA,NA
"2794",5812057,84,29
"2795",5812059,72,24
"2796",5812060,91,30
"2797",5812061,84,29
"2798",5812207,100,35
"2799",5813034,97,33
"2800",5813035,97,33
"2801",5814039,87,30
"2802",5814040,69,23
"2803",5814184,72,24
"2804",5814185,72,24
"2805",5814186,87,30
"2806",5819034,64,20
"2807",5820034,59,17
"2808",5820035,59,17
"2809",5821030,NA,NA
"2810",5821173,NA,NA
"2811",5821174,NA,NA
"2812",5825030,96,33
"2813",5825031,96,33
"2814",5826036,78,24
"2815",5831177,NA,NA
"2816",5832030,98,34
"2817",5834034,69,22
"2818",5834184,94,33
"2819",5835036,86,27
"2820",5835181,NA,NA
"2821",5841035,84,29
"2822",5841038,84,29
"2823",5849043,NA,NA
"2824",5849047,NA,NA
"2825",5853044,NA,NA
"2826",5853194,NA,NA
"2827",5858037,96,31
"2828",5858038,79,26
"2829",5858039,96,31
"2830",5858188,79,26
"2831",5861034,84,29
"2832",5861035,84,29
"2833",5863038,NA,NA
"2834",5863039,NA,NA
"2835",5863040,66,22
"2836",5863044,72,24
"2837",5864178,NA,NA
"2838",5864179,NA,NA
"2839",5871030,90,28
"2840",5871171,90,31
"2841",5872037,NA,NA
"2842",5872038,NA,NA
"2843",5872040,NA,NA
"2844",5872041,90,31
"2845",5874179,86,28
"2846",5875172,NA,NA
"2847",5876032,89,30
"2848",5876033,89,30
"2849",5885033,73,22
"2850",5897031,81,26
"2851",5897032,81,26
"2852",5898034,NA,NA
"2853",5898037,NA,NA
"2854",5899031,NA,NA
"2855",5899032,NA,NA
"2856",5900035,70,22
"2857",5900036,111,37
"2858",5900037,70,22
"2859",5900039,111,37
"2860",5900040,71,23
"2861",5900175,71,23
"2862",5901038,75,25
"2863",5901040,NA,NA
"2864",5901041,NA,NA
"2865",5901042,NA,NA
"2866",5901043,NA,NA
"2867",5903033,93,30
"2868",5904044,45,12
"2869",5904045,NA,NA
"2870",5904048,NA,NA
"2871",5904049,101,34
"2872",5904050,82,25
"2873",5904052,101,34
"2874",5909037,NA,NA
"2875",5916037,84,28
"2876",5916038,74,25
"2877",5916039,84,28
"2878",5921032,155,42
"2879",5922039,97,34
"2880",5922040,NA,NA
"2881",5922043,NA,NA
"2882",5922204,66,22
"2883",5922205,66,22
"2884",5922206,NA,NA
"2885",5922208,NA,NA
"2886",5925041,NA,NA
"2887",5925176,NA,NA
"2888",5926031,115,38
"2889",5926032,84,28
"2890",5926033,87,30
"2891",5926034,84,28
"2892",5926036,74,25
"2893",5926172,74,25
"2894",5938033,97,33
"2895",5938034,97,33
"2896",5940032,84,29
"2897",5942037,NA,NA
"2898",5942038,86,28
"2899",5942174,86,28
"2900",5947034,93,32
"2901",5959036,NA,NA
"2902",5960042,84,28
"2903",5960043,109,37
"2904",5960044,93,32
"2905",5960045,84,28
"2906",5960047,109,37
"2907",5960048,108,34
"2908",5964030,87,28
"2909",5964032,87,28
"2910",5965037,78,26
"2911",5965185,78,26
"2912",5968033,NA,NA
"2913",5968034,NA,NA
"2914",5969034,91,30
"2915",5977035,NA,NA
"2916",5984034,92,32
"2917",5984035,92,32
"2918",5987035,96,33
"2919",5987036,96,33
"2920",5987192,61,17
"2921",5990035,77,25
"2922",5990036,77,25
"2923",5990037,67,21
"2924",5990177,76,23
"2925",5990178,76,23
"2926",5990180,80,26
"2927",5991031,92,31
"2928",5991032,92,31
"2929",5991033,87,29
"2930",5991034,87,29
"2931",5994032,77,25
"2932",5995032,73,25
"2933",5995033,67,21
"2934",5995034,74,25
"2935",5995038,73,25
"2936",5995040,67,21
"2937",5995042,NA,NA
"2938",5995043,74,25
"2939",5995044,NA,NA
"2940",5998034,NA,NA
"2941",6023033,NA,NA
"2942",6023035,NA,NA
"2943",6024033,78,24
"2944",6024034,63,18
"2945",6024035,70,17
"2946",6028043,71,21
"2947",6028180,78,27
"2948",6028181,78,27
"2949",6030034,73,25
"2950",6030036,100,35
"2951",6030037,73,25
"2952",6030038,NA,NA
"2953",6040035,106,36
"2954",6040036,106,36
"2955",6041035,NA,NA
"2956",6041036,NA,NA
"2957",6041039,NA,NA
"2958",6041173,62,19
"2959",6041174,62,19
"2960",6051183,NA,NA
"2961",6051185,NA,NA
"2962",6053034,NA,NA
"2963",6053035,56,18
"2964",6053037,56,18
"2965",6053039,88,29
"2966",6054032,91,28
"2967",6054033,96,33
"2968",6060030,56,17
"2969",6060031,56,17
"2970",6064037,58,19
"2971",6064038,58,19
"2972",6066030,94,33
"2973",6066031,94,33
"2974",6069171,NA,NA
"2975",6073033,NA,NA
"2976",6073034,NA,NA
"2977",6073036,NA,NA
"2978",6073037,93,32
"2979",6077176,97,34
"2980",6086030,86,30
"2981",6086031,74,25
"2982",6088034,75,25
"2983",6093036,79,26
"2984",6093038,NA,NA
"2985",6093039,87,30
"2986",6093040,84,28
"2987",6093041,NA,NA
"2988",6093042,89,28
"2989",6095034,91,31
"2990",6103037,97,34
"2991",6103038,96,33
"2992",6103039,101,34
"2993",6103040,96,33
"2994",6103041,101,34
"2995",6103043,97,34
"2996",6103180,84,27
"2997",6107043,82,27
"2998",6107045,84,28
"2999",6107047,94,32
"3000",6108032,92,32
"3001",6110040,56,15
"3002",6110041,NA,NA
"3003",6110042,NA,NA
"3004",6110044,68,21
"3005",6110045,NA,NA
"3006",6110046,NA,NA
"3007",6110047,68,21
"3008",6111033,NA,NA
"3009",6111034,NA,NA
"3010",6112035,70,21
"3011",6112036,70,21
"3012",6112192,87,30
"3013",6114048,84,29
"3014",6114049,93,32
"3015",6114050,93,32
"3016",6114053,85,27
"3017",6114054,NA,NA
"3018",6114055,NA,NA
"3019",6114189,85,27
"3020",6114193,50,16
"3021",6115049,76,26
"3022",6115052,80,24
"3023",6115053,76,26
"3024",6115054,91,30
"3025",6120196,112,37
"3026",6121044,NA,NA
"3027",6121047,86,30
"3028",6121048,NA,NA
"3029",6121050,63,20
"3030",6121052,63,20
"3031",6121056,35,11
"3032",6121057,86,30
"3033",6121059,86,29
"3034",6121060,NA,NA
"3035",6121061,65,21
"3036",6121188,86,29
"3037",6121198,35,11
"3038",6125031,66,19
"3039",6125036,66,19
"3040",6125189,NA,NA
"3041",6127038,92,31
"3042",6127039,73,21
"3043",6129036,91,29
"3044",6133180,77,26
"3045",6133181,77,26
"3046",6145037,78,25
"3047",6150033,NA,NA
"3048",6150034,NA,NA
"3049",6152030,87,28
"3050",6153031,66,22
"3051",6154033,87,28
"3052",6156182,71,23
"3053",6157031,71,24
"3054",6159033,62,19
"3055",6159034,77,18
"3056",6159035,61,20
"3057",6159038,61,20
"3058",6159173,77,18
"3059",6161031,80,24
"3060",6161032,NA,NA
"3061",6161033,NA,NA
"3062",6161034,83,28
"3063",6161178,83,28
"3064",6165037,NA,NA
"3065",6166053,NA,NA
"3066",6166054,97,32
"3067",6166055,NA,NA
"3068",6166057,97,32
"3069",6166058,78,26
"3070",6166059,84,28
"3071",6166060,65,19
"3072",6166062,77,26
"3073",6166063,65,19
"3074",6166177,87,29
"3075",6166179,97,34
"3076",6170033,77,26
"3077",6170034,77,26
"3078",6171033,83,26
"3079",6172180,93,31
"3080",6179038,79,26
"3081",6179040,84,29
"3082",6179041,79,26
"3083",6179174,84,29
"3084",6183170,89,29
"3085",6187035,NA,NA
"3086",6187036,98,33
"3087",6187037,NA,NA
"3088",6187038,NA,NA
"3089",6187040,NA,NA
"3090",6187178,NA,NA
"3091",6187179,NA,NA
"3092",6191030,NA,NA
"3093",6191031,NA,NA
"3094",6200034,NA,NA
"3095",6200038,NA,NA
"3096",6200039,NA,NA
"3097",6200040,69,23
"3098",6200041,69,23
"3099",6203035,81,27
"3100",6203038,81,27
"3101",6203182,83,22
"3102",6203183,83,22
"3103",6203185,NA,NA
"3104",6203186,NA,NA
"3105",6205038,90,23
"3106",6205040,90,23
"3107",6205041,NA,NA
"3108",6205042,108,36
"3109",6205182,93,30
"3110",6205193,108,36
"3111",6210035,NA,NA
"3112",6210036,78,25
"3113",6210037,NA,NA
"3114",6210040,78,24
"3115",6212035,NA,NA
"3116",6212036,NA,NA
"3117",6212037,77,26
"3118",6212038,91,31
"3119",6216030,NA,NA
"3120",6217034,NA,NA
"3121",6217035,97,33
"3122",6217036,97,33
"3123",6227030,93,33
"3124",6227178,93,33
"3125",6228036,82,28
"3126",6228037,82,28
"3127",6228177,70,21
"3128",6228178,70,21
"3129",6229031,61,19
"3130",6229032,61,19
"3131",6229033,91,32
"3132",6229178,91,32
"3133",6231036,84,27
"3134",6231037,77,26
"3135",6231040,86,29
"3136",6231041,86,28
"3137",6231182,77,26
"3138",6232039,67,20
"3139",6232042,79,25
"3140",6232046,67,20
"3141",6232047,NA,NA
"3142",6232048,NA,NA
"3143",6233036,78,27
"3144",6233037,78,27
"3145",6250034,92,27
"3146",6262034,124,39
"3147",6262035,NA,NA
"3148",6262036,NA,NA
"3149",6275031,91,30
"3150",6275033,91,30
"3151",6275034,NA,NA
"3152",6275035,NA,NA
"3153",6281039,66,22
"3154",6287041,NA,NA
"3155",6287042,65,21
"3156",6287043,65,21
"3157",6287044,104,35
"3158",6316031,74,24
"3159",6316032,87,30
"3160",6316033,87,30
"3161",6316172,79,26
"3162",6327171,86,27
"3163",6327172,86,27
"3164",6335035,57,16
"3165",6335036,57,16
"3166",6335037,98,31
"3167",6335038,70,22
"3168",6342170,95,31
"3169",6350032,NA,NA
"3170",6350033,NA,NA
"3171",6350034,91,30
"3172",6350035,NA,NA
"3173",6357034,97,33
"3174",6357035,92,31
"3175",6358037,103,34
"3176",6358038,91,30
"3177",6358041,99,34
"3178",6358043,95,32
"3179",6361030,115,38
"3180",6361033,96,32
"3181",6361034,96,32
"3182",6365046,82,28
"3183",6365048,95,33
"3184",6365049,97,34
"3185",6365050,97,34
"3186",6365051,93,33
"3187",6365052,95,33
"3188",6365053,93,33
"3189",6366031,NA,NA
"3190",6366032,NA,NA
"3191",6367036,82,28
"3192",6368033,78,27
"3193",6368034,90,22
"3194",6368035,110,36
"3195",6368180,78,27
"3196",6370036,82,28
"3197",6370037,72,24
"3198",6370038,87,29
"3199",6370039,72,24
"3200",6370040,61,20
"3201",6370041,93,29
"3202",6370042,87,29
"3203",6375033,90,31
"3204",6375034,90,31
"3205",6376034,96,32
"3206",6376175,82,27
"3207",6377035,92,31
"3208",6377036,NA,NA
"3209",6377037,NA,NA
"3210",6381038,NA,NA
"3211",6381040,82,28
"3212",6381178,NA,NA
"3213",6396030,84,29
"3214",6396031,84,29
"3215",6398031,NA,NA
"3216",6406035,71,22
"3217",6406037,71,22
"3218",6411033,96,33
"3219",6411034,74,24
"3220",6412032,NA,NA
"3221",6412033,76,26
"3222",6413036,88,29
"3223",6413037,88,29
"3224",6413038,NA,NA
"3225",6413039,92,32
"3226",6413040,NA,NA
"3227",6413042,92,32
"3228",6414173,NA,NA
"3229",6418036,79,26
"3230",6418176,79,26
"3231",6434030,96,32
"3232",6434172,96,32
"3233",6436046,85,29
"3234",6436047,79,26
"3235",6436048,85,29
"3236",6436049,89,29
"3237",6438032,NA,NA
"3238",6444034,NA,NA
"3239",6444035,NA,NA
"3240",6472030,94,33
"3241",6475037,84,27
"3242",6475038,87,30
"3243",6475040,84,27
"3244",6475041,NA,NA
"3245",6475042,79,26
"3246",6475043,87,30
"3247",6476035,77,25
"3248",6478031,118,38
"3249",6478045,115,37
"3250",6478048,100,34
"3251",6478052,116,38
"3252",6484044,91,30
"3253",6485036,98,33
"3254",6485039,79,27
"3255",6485041,83,28
"3256",6485042,84,27
"3257",6485178,83,28
"3258",6485181,59,18
"3259",6485183,81,28
"3260",6485184,81,28
"3261",6494035,NA,NA
"3262",6494036,NA,NA
"3263",6498033,NA,NA
"3264",6498192,NA,NA
"3265",6498193,NA,NA
"3266",6499034,83,26
"3267",6499039,160,43
"3268",6499180,NA,NA
"3269",6516033,87,30
"3270",6519038,129,40
"3271",6519040,129,40
"3272",6522030,74,24
"3273",6522032,74,24
"3274",6537036,NA,NA
"3275",6537037,NA,NA
"3276",6537038,NA,NA
"3277",6537039,NA,NA
"3278",6539174,88,30
"3279",6541031,105,36
"3280",6545037,69,22
"3281",6545039,84,28
"3282",6545040,69,22
"3283",6545041,84,28
"3284",6545178,82,27
"3285",6545180,NA,NA
"3286",6546034,69,23
"3287",6546036,62,19
"3288",6546037,69,23
"3289",6547032,NA,NA
"3290",6547172,NA,NA
"3291",6549030,NA,NA
"3292",6549031,NA,NA
"3293",6553030,94,33
"3294",6553031,77,26
"3295",6553032,77,26
"3296",6553171,94,33
"3297",6557031,95,33
"3298",6560033,NA,NA
"3299",6560181,70,15
"3300",6571038,94,31
"3301",6571177,94,31
"3302",6575031,NA,NA
"3303",6575032,NA,NA
"3304",6577038,56,15
"3305",6577039,NA,NA
"3306",6577040,NA,NA
"3307",6577041,78,27
"3308",6583044,59,19
"3309",6583045,NA,NA
"3310",6583046,79,25
"3311",6583047,96,31
"3312",6583048,53,16
"3313",6583049,71,23
"3314",6583050,89,28
"3315",6583051,96,31
"3316",6583052,71,23
"3317",6583200,53,16
"3318",6588040,55,13
"3319",6588041,NA,NA
"3320",6588042,80,27
"3321",6589034,84,28
"3322",6589035,79,27
"3323",6590039,72,24
"3324",6590040,72,24
"3325",6590041,97,34
"3326",6590045,97,34
"3327",6590046,72,21
"3328",6590047,61,19
"3329",6591036,79,26
"3330",6591038,95,32
"3331",6598034,91,30
"3332",6598035,100,35
"3333",6598036,91,30
"3334",6598037,100,35
"3335",6602032,NA,NA
"3336",6602034,NA,NA
"3337",6602035,87,29
"3338",6602036,84,29
"3339",6602040,NA,NA
"3340",6602041,63,21
"3341",6602181,84,29
"3342",6602192,NA,NA
"3343",6602194,96,33
"3344",6605033,NA,NA
"3345",6605035,NA,NA
"3346",6605036,NA,NA
"3347",6605037,74,24
"3348",6605038,74,24
"3349",6605202,128,40
"3350",6607180,61,20
"3351",6615033,87,28
"3352",6615036,NA,NA
"3353",6616033,NA,NA
"3354",6616034,NA,NA
"3355",6616035,NA,NA
"3356",6616036,NA,NA
"3357",6616177,82,28
"3358",6616181,93,33
"3359",6616183,93,33
"3360",6624034,97,33
"3361",6625033,78,21
"3362",6625034,91,30
"3363",6625035,91,30
"3364",6625175,NA,NA
"3365",6626032,94,32
"3366",6626034,97,33
"3367",6626035,87,30
"3368",6626036,94,32
"3369",6626037,94,33
"3370",6626038,89,31
"3371",6626039,87,30
"3372",6633036,99,34
"3373",6633037,99,34
"3374",6635042,84,28
"3375",6635044,84,28
"3376",6635050,93,32
"3377",6635052,71,22
"3378",6635053,NA,NA
"3379",6638035,NA,NA
"3380",6646037,NA,NA
"3381",6646038,82,27
"3382",6646039,NA,NA
"3383",6646040,82,25
"3384",6646179,NA,NA
"3385",6649034,71,23
"3386",6649035,84,26
"3387",6655035,94,28
"3388",6655036,74,24
"3389",6655037,74,24
"3390",6655038,79,25
"3391",6655039,79,25
"3392",6657031,97,34
"3393",6657032,97,34
"3394",6657033,NA,NA
"3395",6660031,84,28
"3396",6660032,84,28
"3397",6664031,NA,NA
"3398",6664032,77,26
"3399",6664033,77,26
"3400",6664173,NA,NA
"3401",6674032,NA,NA
"3402",6674175,NA,NA
"3403",6680030,91,30
"3404",6682033,88,30
"3405",6682175,88,30
"3406",6684033,79,27
"3407",6684034,87,29
"3408",6684035,79,27
"3409",6684036,73,25
"3410",6684038,73,25
"3411",6684040,94,32
"3412",6684041,87,29
"3413",6684042,94,32
"3414",6694032,NA,NA
"3415",6698033,94,33
"3416",6699032,NA,NA
"3417",6706034,NA,NA
"3418",6706037,NA,NA
"3419",6706038,NA,NA
"3420",6706195,86,28
"3421",6707033,92,32
"3422",6707034,84,29
"3423",6710034,69,23
"3424",6710035,72,24
"3425",6714171,92,30
"3426",6716031,99,35
"3427",6716032,92,32
"3428",6716174,92,32
"3429",6721032,122,39
"3430",6721034,122,39
"3431",6722031,66,22
"3432",6724034,91,30
"3433",6724035,91,30
"3434",6724036,72,24
"3435",6724037,76,26
"3436",6724039,72,24
"3437",6724040,76,26
"3438",6724204,84,29
"3439",6733034,92,31
"3440",6733035,92,31
"3441",6735038,82,26
"3442",6735041,70,21
"3443",6735042,55,18
"3444",6735043,66,22
"3445",6735044,55,18
"3446",6735045,66,22
"3447",6736035,84,28
"3448",6736036,99,35
"3449",6736037,82,28
"3450",6736038,82,28
"3451",6736039,99,35
"3452",6736040,NA,NA
"3453",6738034,90,31
"3454",6738181,91,31
"3455",6738182,91,31
"3456",6740033,78,27
"3457",6740034,89,30
"3458",6740035,78,27
"3459",6750034,77,26
"3460",6750035,77,26
"3461",6750036,NA,NA
"3462",6750037,NA,NA
"3463",6750184,106,36
"3464",6750185,106,36
"3465",6765032,93,31
"3466",6765033,72,24
"3467",6765034,93,31
"3468",6765035,72,24
"3469",6765036,90,31
"3470",6765037,136,41
"3471",6769038,76,25
"3472",6769039,74,25
"3473",6769040,76,25
"3474",6779037,94,33
"3475",6779038,94,33
"3476",6780174,76,25
"3477",6784193,NA,NA
"3478",6785033,101,35
"3479",6785037,81,27
"3480",6785038,81,27
"3481",6788034,78,24
"3482",6788035,78,24
"3483",6789032,74,25
"3484",6790035,NA,NA
"3485",6790036,NA,NA
"3486",6790037,91,30
"3487",6793036,91,30
"3488",6793037,77,25
"3489",6793038,77,25
"3490",6793040,100,33
"3491",6800038,85,29
"3492",6801033,87,30
"3493",6801038,61,20
"3494",6801039,61,20
"3495",6801040,87,30
"3496",6801185,113,37
"3497",6801186,113,37
"3498",6802174,104,35
"3499",6802175,104,35
"3500",6803033,75,23
"3501",6816032,97,34
"3502",6816033,97,34
"3503",6820034,94,31
"3504",6820035,84,28
"3505",6820036,84,28
"3506",6820037,91,31
"3507",6822032,NA,NA
"3508",6822173,NA,NA
"3509",6822175,69,23
"3510",6822177,NA,NA
"3511",6826032,NA,NA
"3512",6826033,92,31
"3513",6828031,NA,NA
"3514",6828032,NA,NA
"3515",6830030,NA,NA
"3516",6830031,NA,NA
"3517",6832035,78,27
"3518",6832036,103,36
"3519",6832038,83,28
"3520",6832039,103,36
"3521",6832040,NA,NA
"3522",6832041,83,28
"3523",6832042,78,27
"3524",6832044,NA,NA
"3525",6832176,NA,NA
"3526",6832177,NA,NA
"3527",6837034,84,28
"3528",6838033,52,17
"3529",6839035,NA,NA
"3530",6839036,NA,NA
"3531",6839037,NA,NA
"3532",6840032,72,19
"3533",6840033,85,27
"3534",6843032,NA,NA
"3535",6843033,NA,NA
"3536",6843034,NA,NA
"3537",6845035,90,31
"3538",6845037,71,23
"3539",6845038,90,31
"3540",6845039,71,23
"3541",6845040,NA,NA
"3542",6845041,NA,NA
"3543",6845042,NA,NA
"3544",6845043,111,36
"3545",6845044,111,36
"3546",6849031,NA,NA
"3547",6849032,68,23
"3548",6849033,NA,NA
"3549",6851031,NA,NA
"3550",6853032,79,27
"3551",6853033,107,36
"3552",6854173,NA,NA
"3553",6857030,NA,NA
"3554",6857184,NA,NA
"3555",6862045,124,39
"3556",6862047,119,38
"3557",6864034,NA,NA
"3558",6864035,75,24
"3559",6867034,NA,NA
"3560",6867036,NA,NA
"3561",6867201,NA,NA
"3562",6872031,96,33
"3563",6872174,NA,NA
