"","KID","PPE","year"
"1",4037,NA,1997
"2",4038,NA,1997
"3",4039,NA,1997
"4",4041,NA,1997
"5",4042,NA,1997
"6",4043,NA,1997
"7",4180,NA,1997
"8",4187,2458,1997
"9",5032,3000,1997
"10",5033,NA,1997
"11",6034,6461.73,1997
"12",7039,NA,1997
"13",7040,NA,1997
"14",7041,NA,1997
"15",7044,NA,1997
"16",7045,NA,1997
"17",7046,NA,1997
"18",7047,NA,1997
"19",10033,NA,1997
"20",10034,NA,1997
"21",10035,NA,1997
"22",14030,3900,1997
"23",14031,3900,1997
"24",14032,NA,1997
"25",14033,NA,1997
"26",16033,NA,1997
"27",18038,NA,1997
"28",18039,NA,1997
"29",18040,NA,1997
"30",18041,NA,1997
"31",18187,NA,1997
"32",18189,NA,1997
"33",18191,NA,1997
"34",18192,NA,1997
"35",22030,2321,1997
"36",22031,NA,1997
"37",22176,NA,1997
"38",39031,NA,1997
"39",40035,NA,1997
"40",40038,NA,1997
"41",40039,NA,1997
"42",45032,NA,1997
"43",45033,NA,1997
"44",45034,NA,1997
"45",47034,NA,1997
"46",47035,3848,1997
"47",47036,NA,1997
"48",47037,4414,1997
"49",47038,NA,1997
"50",47039,NA,1997
"51",47040,NA,1997
"52",50032,NA,1997
"53",50033,NA,1997
"54",50034,NA,1997
"55",50035,NA,1997
"56",51031,NA,1997
"57",51032,NA,1997
"58",53035,4000,1997
"59",53036,NA,1997
"60",53038,NA,1997
"61",53040,NA,1997
"62",53041,NA,1997
"63",53042,NA,1997
"64",53205,NA,1997
"65",60036,NA,1997
"66",60037,NA,1997
"67",61032,NA,1997
"68",61034,NA,1997
"69",61035,NA,1997
"70",68030,NA,1997
"71",79032,NA,1997
"72",84033,2200,1997
"73",84034,18,1997
"74",84035,NA,1997
"75",88035,52.5,1997
"76",88036,NA,1997
"77",89034,NA,1997
"78",89035,NA,1997
"79",90030,NA,1997
"80",90031,NA,1997
"81",90032,NA,1997
"82",91031,NA,1997
"83",91032,NA,1997
"84",96031,NA,1997
"85",96032,NA,1997
"86",96033,NA,1997
"87",99032,NA,1997
"88",99033,NA,1997
"89",105035,NA,1997
"90",106031,NA,1997
"91",106032,NA,1997
"92",114033,NA,1997
"93",114034,NA,1997
"94",117031,NA,1997
"95",117032,NA,1997
"96",121030,NA,1997
"97",121032,NA,1997
"98",121033,NA,1997
"99",121036,93.56,1997
"100",121037,NA,1997
"101",122034,NA,1997
"102",122036,NA,1997
"103",122037,NA,1997
"104",122174,NA,1997
"105",126030,NA,1997
"106",128030,5400,1997
"107",128031,NA,1997
"108",129040,NA,1997
"109",129041,NA,1997
"110",129197,NA,1997
"111",134030,NA,1997
"112",134031,NA,1997
"113",138032,NA,1997
"114",138033,NA,1997
"115",145030,NA,1997
"116",145031,NA,1997
"117",151037,NA,1997
"118",151038,NA,1997
"119",165032,NA,1997
"120",166033,NA,1997
"121",172036,NA,1997
"122",172179,NA,1997
"123",172180,NA,1997
"124",173035,NA,1997
"125",173036,NA,1997
"126",173037,NA,1997
"127",173038,NA,1997
"128",173039,NA,1997
"129",173040,NA,1997
"130",174033,NA,1997
"131",174034,NA,1997
"132",174036,4923.98,1997
"133",174037,NA,1997
"134",174040,NA,1997
"135",178033,NA,1997
"136",178034,NA,1997
"137",180030,NA,1997
"138",180032,NA,1997
"139",181031,9600,1997
"140",181032,NA,1997
"141",189031,NA,1997
"142",190033,NA,1997
"143",195030,NA,1997
"144",195031,NA,1997
"145",200034,NA,1997
"146",200035,NA,1997
"147",203031,NA,1997
"148",203033,NA,1997
"149",209030,2500,1997
"150",217032,6165,1997
"151",220030,NA,1997
"152",221032,NA,1997
"153",228031,5000,1997
"154",228032,NA,1997
"155",236032,NA,1997
"156",245034,8045,1997
"157",246031,NA,1997
"158",250031,NA,1997
"159",250032,NA,1997
"160",257037,NA,1997
"161",257039,NA,1997
"162",257040,NA,1997
"163",263038,NA,1997
"164",266031,NA,1997
"165",266033,NA,1997
"166",266035,NA,1997
"167",277033,4923,1997
"168",280032,NA,1997
"169",280033,NA,1997
"170",284030,NA,1997
"171",284031,NA,1997
"172",297048,NA,1997
"173",302036,7800,1997
"174",302037,7800,1997
"175",308037,4800,1997
"176",311032,NA,1997
"177",311033,NA,1997
"178",315030,3400,1997
"179",319031,5377,1997
"180",319032,NA,1997
"181",321032,NA,1997
"182",321176,NA,1997
"183",321177,NA,1997
"184",323032,5469,1997
"185",323033,NA,1997
"186",323034,NA,1997
"187",327033,NA,1997
"188",340031,NA,1997
"189",340034,NA,1997
"190",343032,NA,1997
"191",343033,NA,1997
"192",344031,NA,1997
"193",344032,NA,1997
"194",344033,NA,1997
"195",344034,NA,1997
"196",344186,NA,1997
"197",350030,NA,1997
"198",350031,NA,1997
"199",351037,NA,1997
"200",351038,229.5,1997
"201",351039,NA,1997
"202",354031,NA,1997
"203",355031,NA,1997
"204",355032,3917,1997
"205",355033,3917,1997
"206",356031,NA,1997
"207",356032,NA,1997
"208",361176,NA,1997
"209",368032,NA,1997
"210",374030,NA,1997
"211",375030,2500,1997
"212",375031,NA,1997
"213",377030,NA,1997
"214",377031,NA,1997
"215",391031,7738,1997
"216",391032,NA,1997
"217",404033,NA,1997
"218",404035,NA,1997
"219",409033,NA,1997
"220",409177,NA,1997
"221",414038,NA,1997
"222",414039,4500,1997
"223",419033,NA,1997
"224",419034,NA,1997
"225",419035,NA,1997
"226",419036,NA,1997
"227",419037,NA,1997
"228",428030,NA,1997
"229",428032,NA,1997
"230",432032,NA,1997
"231",433031,NA,1997
"232",433034,NA,1997
"233",433037,NA,1997
"234",433038,NA,1997
"235",433040,NA,1997
"236",452037,NA,1997
"237",452038,NA,1997
"238",452178,5200,1997
"239",452187,NA,1997
"240",455032,NA,1997
"241",455033,NA,1997
"242",455034,NA,1997
"243",459031,NA,1997
"244",465033,NA,1997
"245",465034,NA,1997
"246",473035,4235,1997
"247",473036,NA,1997
"248",478038,NA,1997
"249",478039,NA,1997
"250",478040,NA,1997
"251",479030,NA,1997
"252",479031,NA,1997
"253",486030,NA,1997
"254",486031,NA,1997
"255",487035,94,1997
"256",487036,NA,1997
"257",487176,NA,1997
"258",490032,NA,1997
"259",495034,NA,1997
"260",495035,NA,1997
"261",495036,NA,1997
"262",495174,NA,1997
"263",496031,NA,1997
"264",496032,NA,1997
"265",496183,NA,1997
"266",496184,NA,1997
"267",503173,NA,1997
"268",508031,NA,1997
"269",508032,NA,1997
"270",508033,NA,1997
"271",510031,NA,1997
"272",512031,2500,1997
"273",517030,NA,1997
"274",517031,NA,1997
"275",517032,NA,1997
"276",517033,NA,1997
"277",517034,NA,1997
"278",534032,NA,1997
"279",544032,NA,1997
"280",548035,NA,1997
"281",548036,4200,1997
"282",548037,NA,1997
"283",548038,NA,1997
"284",548039,NA,1997
"285",548040,NA,1997
"286",548189,NA,1997
"287",556036,NA,1997
"288",556037,NA,1997
"289",557176,NA,1997
"290",557177,NA,1997
"291",563043,NA,1997
"292",563044,4500,1997
"293",563045,NA,1997
"294",563046,NA,1997
"295",563047,NA,1997
"296",564034,NA,1997
"297",565031,3555,1997
"298",565032,NA,1997
"299",565033,NA,1997
"300",565034,NA,1997
"301",567177,NA,1997
"302",569031,NA,1997
"303",569032,NA,1997
"304",570035,NA,1997
"305",570036,NA,1997
"306",573033,NA,1997
"307",573035,NA,1997
"308",577032,NA,1997
"309",581172,NA,1997
"310",581173,NA,1997
"311",582032,2394,1997
"312",582033,NA,1997
"313",582034,500,1997
"314",593030,NA,1997
"315",593031,NA,1997
"316",593033,NA,1997
"317",597035,400,1997
"318",597036,NA,1997
"319",597037,NA,1997
"320",602034,NA,1997
"321",602035,NA,1997
"322",605031,NA,1997
"323",607040,NA,1997
"324",607042,NA,1997
"325",608186,NA,1997
"326",610033,NA,1997
"327",613031,NA,1997
"328",620033,6548,1997
"329",620035,6548,1997
"330",620037,7500,1997
"331",620039,NA,1997
"332",624172,NA,1997
"333",624173,NA,1997
"334",625030,NA,1997
"335",625031,NA,1997
"336",625032,NA,1997
"337",626044,NA,1997
"338",626045,NA,1997
"339",626047,NA,1997
"340",626048,NA,1997
"341",626189,NA,1997
"342",628034,NA,1997
"343",630033,NA,1997
"344",631035,NA,1997
"345",632176,4934,1997
"346",632177,NA,1997
"347",633041,NA,1997
"348",633042,NA,1997
"349",634031,NA,1997
"350",634032,NA,1997
"351",634034,NA,1997
"352",636031,NA,1997
"353",636033,NA,1997
"354",639032,NA,1997
"355",644031,2290,1997
"356",647033,NA,1997
"357",647034,NA,1997
"358",649032,5125,1997
"359",649033,3600,1997
"360",649034,NA,1997
"361",650178,NA,1997
"362",652033,2700,1997
"363",652034,NA,1997
"364",652035,NA,1997
"365",652037,NA,1997
"366",654032,4500,1997
"367",654033,NA,1997
"368",655030,NA,1997
"369",655031,NA,1997
"370",656031,NA,1997
"371",656033,NA,1997
"372",656034,NA,1997
"373",656035,NA,1997
"374",664030,7100,1997
"375",664032,NA,1997
"376",664034,7384,1997
"377",664035,7140,1997
"378",672172,NA,1997
"379",672174,NA,1997
"380",673032,NA,1997
"381",673033,NA,1997
"382",673174,NA,1997
"383",674030,NA,1997
"384",674031,NA,1997
"385",677034,5642,1997
"386",677037,NA,1997
"387",686036,NA,1997
"388",687171,120,1997
"389",691030,NA,1997
"390",691031,NA,1997
"391",691032,60,1997
"392",691033,NA,1997
"393",691034,NA,1997
"394",691035,NA,1997
"395",691036,NA,1997
"396",692033,NA,1997
"397",692038,NA,1997
"398",692039,NA,1997
"399",694033,1650,1997
"400",694034,1650,1997
"401",698034,NA,1997
"402",698035,NA,1997
"403",699033,NA,1997
"404",699034,NA,1997
"405",699035,NA,1997
"406",699036,NA,1997
"407",700032,NA,1997
"408",700034,NA,1997
"409",702032,NA,1997
"410",704030,NA,1997
"411",704031,NA,1997
"412",706030,NA,1997
"413",706171,NA,1997
"414",706177,NA,1997
"415",707030,5746,1997
"416",707032,NA,1997
"417",709038,NA,1997
"418",709039,NA,1997
"419",709040,NA,1997
"420",711030,NA,1997
"421",711031,NA,1997
"422",712034,NA,1997
"423",713037,NA,1997
"424",713039,NA,1997
"425",713184,NA,1997
"426",717033,NA,1997
"427",719173,NA,1997
"428",722034,NA,1997
"429",722035,NA,1997
"430",725031,NA,1997
"431",727030,NA,1997
"432",728032,NA,1997
"433",728033,NA,1997
"434",729031,5800,1997
"435",729032,5800,1997
"436",729040,NA,1997
"437",729041,NA,1997
"438",729042,NA,1997
"439",729043,NA,1997
"440",749033,3000,1997
"441",749034,3000,1997
"442",749035,NA,1997
"443",750031,80,1997
"444",750032,NA,1997
"445",750033,NA,1997
"446",750034,NA,1997
"447",751035,NA,1997
"448",751037,NA,1997
"449",751038,NA,1997
"450",751039,NA,1997
"451",759031,5600,1997
"452",760030,NA,1997
"453",760172,4793,1997
"454",760173,NA,1997
"455",760176,NA,1997
"456",762031,1900,1997
"457",762174,NA,1997
"458",762175,NA,1997
"459",769033,3746,1997
"460",769035,NA,1997
"461",769036,3400,1997
"462",769037,3400,1997
"463",769038,NA,1997
"464",769039,NA,1997
"465",771031,3500,1997
"466",771032,3500,1997
"467",773036,3600,1997
"468",773037,NA,1997
"469",774031,NA,1997
"470",774032,NA,1997
"471",775031,NA,1997
"472",776030,7000,1997
"473",777031,NA,1997
"474",779038,NA,1997
"475",782171,NA,1997
"476",783031,NA,1997
"477",783032,NA,1997
"478",794030,NA,1997
"479",794031,NA,1997
"480",796032,NA,1997
"481",796033,NA,1997
"482",796034,6000,1997
"483",814032,NA,1997
"484",817032,NA,1997
"485",818030,NA,1997
"486",818032,NA,1997
"487",819032,NA,1997
"488",819033,NA,1997
"489",819034,NA,1997
"490",821031,6750,1997
"491",823033,NA,1997
"492",826032,NA,1997
"493",833035,NA,1997
"494",833036,NA,1997
"495",833180,4400,1997
"496",833181,4400,1997
"497",834034,NA,1997
"498",834035,NA,1997
"499",835030,5778,1997
"500",835031,NA,1997
"501",838030,NA,1997
"502",838031,NA,1997
"503",840041,NA,1997
"504",840042,NA,1997
"505",840043,NA,1997
"506",840044,NA,1997
"507",840191,NA,1997
"508",844032,NA,1997
"509",844033,NA,1997
"510",844034,NA,1997
"511",846030,NA,1997
"512",846040,3830,1997
"513",846043,NA,1997
"514",846044,NA,1997
"515",846045,NA,1997
"516",853030,NA,1997
"517",856033,NA,1997
"518",856034,4717,1997
"519",856035,NA,1997
"520",856036,4717,1997
"521",856038,NA,1997
"522",857030,NA,1997
"523",857031,NA,1997
"524",863032,NA,1997
"525",863033,NA,1997
"526",863034,7419,1997
"527",863035,NA,1997
"528",866032,NA,1997
"529",866033,NA,1997
"530",868031,NA,1997
"531",868034,NA,1997
"532",868036,NA,1997
"533",868037,NA,1997
"534",875035,NA,1997
"535",875036,NA,1997
"536",880030,4300,1997
"537",880031,4200,1997
"538",880033,NA,1997
"539",891031,NA,1997
"540",891032,NA,1997
"541",893031,NA,1997
"542",893032,NA,1997
"543",897034,NA,1997
"544",897035,NA,1997
"545",898033,NA,1997
"546",898034,NA,1997
"547",898035,NA,1997
"548",899032,NA,1997
"549",899033,NA,1997
"550",908036,NA,1997
"551",908037,NA,1997
"552",909032,NA,1997
"553",910036,NA,1997
"554",913031,2600,1997
"555",915030,NA,1997
"556",915031,NA,1997
"557",915032,NA,1997
"558",915033,650,1997
"559",915034,NA,1997
"560",915035,650,1997
"561",916036,NA,1997
"562",916184,NA,1997
"563",916190,NA,1997
"564",916191,NA,1997
"565",920030,NA,1997
"566",920031,NA,1997
"567",922031,7138,1997
"568",922032,NA,1997
"569",922033,NA,1997
"570",922034,NA,1997
"571",922035,NA,1997
"572",922036,NA,1997
"573",931032,NA,1997
"574",931033,NA,1997
"575",935030,NA,1997
"576",935031,NA,1997
"577",935032,NA,1997
"578",935034,NA,1997
"579",939033,NA,1997
"580",941034,4800,1997
"581",941037,NA,1997
"582",941038,NA,1997
"583",941039,NA,1997
"584",941184,NA,1997
"585",941187,NA,1997
"586",946030,NA,1997
"587",952032,NA,1997
"588",961034,NA,1997
"589",961035,NA,1997
"590",961036,NA,1997
"591",961037,NA,1997
"592",961038,NA,1997
"593",964032,NA,1997
"594",964035,NA,1997
"595",970032,NA,1997
"596",970033,NA,1997
"597",971030,NA,1997
"598",976033,NA,1997
"599",980030,NA,1997
"600",980031,NA,1997
"601",982032,NA,1997
"602",998032,NA,1997
"603",998033,NA,1997
"604",999031,NA,1997
"605",999032,5330,1997
"606",999033,NA,1997
"607",999034,NA,1997
"608",1000031,NA,1997
"609",1000032,NA,1997
"610",1000033,4428,1997
"611",1000034,2615,1997
"612",1000035,2615,1997
"613",1013031,NA,1997
"614",1013032,NA,1997
"615",1013033,NA,1997
"616",1014032,NA,1997
"617",1028039,NA,1997
"618",1028040,NA,1997
"619",1033031,NA,1997
"620",1036031,NA,1997
"621",1037036,NA,1997
"622",1037037,NA,1997
"623",1038032,NA,1997
"624",1038033,NA,1997
"625",1043033,NA,1997
"626",1043034,NA,1997
"627",1043035,NA,1997
"628",1043036,NA,1997
"629",1043037,NA,1997
"630",1043038,NA,1997
"631",1043181,NA,1997
"632",1045031,NA,1997
"633",1047032,4267,1997
"634",1048034,NA,1997
"635",1048037,2500,1997
"636",1048038,NA,1997
"637",1048039,NA,1997
"638",1048182,NA,1997
"639",1048184,3600,1997
"640",1048185,NA,1997
"641",1048194,NA,1997
"642",1048195,NA,1997
"643",1051042,NA,1997
"644",1051044,NA,1997
"645",1051045,NA,1997
"646",1055030,NA,1997
"647",1055032,NA,1997
"648",1060032,NA,1997
"649",1061030,NA,1997
"650",1061032,NA,1997
"651",1062031,NA,1997
"652",1066032,NA,1997
"653",1066033,NA,1997
"654",1066034,NA,1997
"655",1066035,NA,1997
"656",1068032,NA,1997
"657",1072031,NA,1997
"658",1072032,NA,1997
"659",1077031,NA,1997
"660",1077032,NA,1997
"661",1084032,NA,1997
"662",1084033,NA,1997
"663",1084035,NA,1997
"664",1088037,NA,1997
"665",1088038,NA,1997
"666",1090032,NA,1997
"667",1090173,3862,1997
"668",1092032,4354.88,1997
"669",1092033,NA,1997
"670",1092034,NA,1997
"671",1092035,NA,1997
"672",1093031,NA,1997
"673",1093032,1200,1997
"674",1093033,NA,1997
"675",1093034,NA,1997
"676",1096033,NA,1997
"677",1098032,NA,1997
"678",1098033,NA,1997
"679",1100031,NA,1997
"680",1100032,NA,1997
"681",1100034,NA,1997
"682",1107034,NA,1997
"683",1107035,NA,1997
"684",1109030,NA,1997
"685",1121031,NA,1997
"686",1121033,NA,1997
"687",1121034,NA,1997
"688",1125031,NA,1997
"689",1125032,NA,1997
"690",1126035,NA,1997
"691",1126036,NA,1997
"692",1127030,NA,1997
"693",1129039,NA,1997
"694",1129187,NA,1997
"695",1129189,5642,1997
"696",1129197,NA,1997
"697",1131032,NA,1997
"698",1131034,NA,1997
"699",1141034,NA,1997
"700",1141035,NA,1997
"701",1141036,NA,1997
"702",1141037,NA,1997
"703",1141175,NA,1997
"704",1141179,NA,1997
"705",1142031,NA,1997
"706",1142032,NA,1997
"707",1142033,NA,1997
"708",1142034,NA,1997
"709",1144036,NA,1997
"710",1144037,NA,1997
"711",1149030,NA,1997
"712",1150171,7400,1997
"713",1150172,6200,1997
"714",1151034,4000,1997
"715",1151036,NA,1997
"716",1151037,NA,1997
"717",1151038,NA,1997
"718",1151039,NA,1997
"719",1152038,NA,1997
"720",1154030,NA,1997
"721",1161030,NA,1997
"722",1163036,4394,1997
"723",1163037,NA,1997
"724",1163038,NA,1997
"725",1163039,NA,1997
"726",1163040,5900,1997
"727",1163041,5900,1997
"728",1163042,4000,1997
"729",1163043,NA,1997
"730",1163045,NA,1997
"731",1164033,4442,1997
"732",1166037,NA,1997
"733",1167041,NA,1997
"734",1167042,NA,1997
"735",1167043,NA,1997
"736",1167044,2000,1997
"737",1167045,NA,1997
"738",1167046,NA,1997
"739",1168035,NA,1997
"740",1168036,NA,1997
"741",1168037,NA,1997
"742",1168174,NA,1997
"743",1168175,NA,1997
"744",1169030,NA,1997
"745",1169031,NA,1997
"746",1178176,NA,1997
"747",1178177,NA,1997
"748",1179033,NA,1997
"749",1184039,NA,1997
"750",1184040,NA,1997
"751",1184041,NA,1997
"752",1184043,NA,1997
"753",1185032,NA,1997
"754",1185034,NA,1997
"755",1192033,NA,1997
"756",1192034,NA,1997
"757",1192035,4407.39,1997
"758",1200034,NA,1997
"759",1210031,NA,1997
"760",1213031,NA,1997
"761",1220030,NA,1997
"762",1220031,NA,1997
"763",1221031,NA,1997
"764",1221032,NA,1997
"765",1221033,2322,1997
"766",1221034,NA,1997
"767",1221035,NA,1997
"768",1221036,NA,1997
"769",1222034,7074,1997
"770",1222035,3500,1997
"771",1222185,5470,1997
"772",1222189,NA,1997
"773",1225031,133,1997
"774",1227034,NA,1997
"775",1227035,NA,1997
"776",1227195,NA,1997
"777",1230031,NA,1997
"778",1233034,NA,1997
"779",1233035,NA,1997
"780",1236031,NA,1997
"781",1236032,NA,1997
"782",1241035,NA,1997
"783",1242032,NA,1997
"784",1242033,NA,1997
"785",1242034,4476,1997
"786",1242035,2800,1997
"787",1242036,NA,1997
"788",1242038,NA,1997
"789",1242039,NA,1997
"790",1254030,NA,1997
"791",1258030,NA,1997
"792",1258031,NA,1997
"793",1258032,NA,1997
"794",1258033,NA,1997
"795",1258034,NA,1997
"796",1260043,NA,1997
"797",1266030,NA,1997
"798",1266031,NA,1997
"799",1269033,NA,1997
"800",1274032,NA,1997
"801",1274033,5683,1997
"802",1281034,NA,1997
"803",1281035,NA,1997
"804",1281036,NA,1997
"805",1284031,NA,1997
"806",1284032,NA,1997
"807",1285030,NA,1997
"808",1285031,NA,1997
"809",1285032,NA,1997
"810",1285033,NA,1997
"811",1286032,NA,1997
"812",1286033,NA,1997
"813",1286175,NA,1997
"814",1290034,NA,1997
"815",1290035,NA,1997
"816",1292032,4000,1997
"817",1298031,NA,1997
"818",1298032,NA,1997
"819",1298033,NA,1997
"820",1302037,3281,1997
"821",1303032,NA,1997
"822",1303033,NA,1997
"823",1306031,NA,1997
"824",1315032,5200,1997
"825",1315033,5200,1997
"826",1315034,NA,1997
"827",1315035,NA,1997
"828",1315036,NA,1997
"829",1315039,NA,1997
"830",1332030,NA,1997
"831",1332032,NA,1997
"832",1332033,NA,1997
"833",1332181,NA,1997
"834",1335047,3826.25,1997
"835",1335048,5350,1997
"836",1335052,NA,1997
"837",1335053,NA,1997
"838",1335054,NA,1997
"839",1335056,NA,1997
"840",1336033,NA,1997
"841",1336034,NA,1997
"842",1336035,NA,1997
"843",1342031,4200,1997
"844",1345034,NA,1997
"845",1345035,3500,1997
"846",1351035,NA,1997
"847",1351036,NA,1997
"848",1355174,2000,1997
"849",1363031,NA,1997
"850",1368032,NA,1997
"851",1368175,NA,1997
"852",1368180,NA,1997
"853",1376032,NA,1997
"854",1383035,4000,1997
"855",1383036,4000,1997
"856",1383037,NA,1997
"857",1383040,NA,1997
"858",1394035,NA,1997
"859",1394036,NA,1997
"860",1394037,NA,1997
"861",1394038,NA,1997
"862",1394039,NA,1997
"863",1397033,NA,1997
"864",1397034,5300,1997
"865",1397037,NA,1997
"866",1397038,NA,1997
"867",1398030,5943,1997
"868",1399035,5400,1997
"869",1399036,NA,1997
"870",1399037,NA,1997
"871",1399038,NA,1997
"872",1399039,NA,1997
"873",1399040,NA,1997
"874",1407032,NA,1997
"875",1411039,NA,1997
"876",1411043,NA,1997
"877",1411044,NA,1997
"878",1411045,NA,1997
"879",1411185,NA,1997
"880",1411186,NA,1997
"881",1411190,NA,1997
"882",1415031,20,1997
"883",1426034,NA,1997
"884",1426036,NA,1997
"885",1426038,NA,1997
"886",1426040,NA,1997
"887",1430030,NA,1997
"888",1430031,NA,1997
"889",1431030,4937,1997
"890",1432031,NA,1997
"891",1434035,NA,1997
"892",1445035,NA,1997
"893",1445037,NA,1997
"894",1460030,NA,1997
"895",1468033,NA,1997
"896",1468034,NA,1997
"897",1468035,NA,1997
"898",1473032,7400,1997
"899",1475031,NA,1997
"900",1475032,NA,1997
"901",1480033,NA,1997
"902",1480034,NA,1997
"903",1485033,NA,1997
"904",1485034,NA,1997
"905",1494031,NA,1997
"906",1494032,300,1997
"907",1498032,NA,1997
"908",1498034,NA,1997
"909",1498035,NA,1997
"910",1498037,NA,1997
"911",1498178,NA,1997
"912",1503170,NA,1997
"913",1505030,NA,1997
"914",1516030,NA,1997
"915",1516031,NA,1997
"916",1516033,NA,1997
"917",1516172,NA,1997
"918",1522035,NA,1997
"919",1522036,5367,1997
"920",1522037,NA,1997
"921",1522038,NA,1997
"922",1522040,NA,1997
"923",1522041,NA,1997
"924",1522042,NA,1997
"925",1522043,NA,1997
"926",1523031,NA,1997
"927",1533032,NA,1997
"928",1533033,NA,1997
"929",1533034,NA,1997
"930",1537172,5324,1997
"931",1540178,NA,1997
"932",1541036,NA,1997
"933",1541037,8500,1997
"934",1541038,NA,1997
"935",1542031,NA,1997
"936",1542033,NA,1997
"937",1542034,NA,1997
"938",1542035,3700,1997
"939",1542036,NA,1997
"940",1542037,5700,1997
"941",1542039,NA,1997
"942",1542040,NA,1997
"943",1547031,NA,1997
"944",1547032,NA,1997
"945",1547033,NA,1997
"946",1551032,NA,1997
"947",1551037,NA,1997
"948",1559030,NA,1997
"949",1568033,NA,1997
"950",1568034,NA,1997
"951",1571037,NA,1997
"952",1571038,NA,1997
"953",1571039,NA,1997
"954",1571040,NA,1997
"955",1571181,NA,1997
"956",1572038,2500,1997
"957",1572040,2500,1997
"958",1572041,NA,1997
"959",1579042,NA,1997
"960",1583031,NA,1997
"961",1591033,2170,1997
"962",1591034,2170,1997
"963",1591035,NA,1997
"964",1591036,NA,1997
"965",1597030,NA,1997
"966",1597031,NA,1997
"967",1608032,4498,1997
"968",1608033,NA,1997
"969",1610031,NA,1997
"970",1611032,15,1997
"971",1611033,NA,1997
"972",1611034,NA,1997
"973",1611177,NA,1997
"974",1612030,1600,1997
"975",1613036,NA,1997
"976",1613038,NA,1997
"977",1613039,NA,1997
"978",1613041,NA,1997
"979",1613042,NA,1997
"980",1621031,4864,1997
"981",1621032,4864,1997
"982",1624035,NA,1997
"983",1624036,NA,1997
"984",1624037,NA,1997
"985",1627032,NA,1997
"986",1628032,NA,1997
"987",1628033,NA,1997
"988",1632030,NA,1997
"989",1632031,NA,1997
"990",1633174,7182,1997
"991",1633175,NA,1997
"992",1633178,5570,1997
"993",1634032,NA,1997
"994",1634033,NA,1997
"995",1644030,NA,1997
"996",1644032,NA,1997
"997",1645031,NA,1997
"998",1645032,NA,1997
"999",1648032,NA,1997
"1000",1648173,NA,1997
"1001",1654031,2600,1997
"1002",1654032,NA,1997
"1003",1663034,NA,1997
"1004",1663036,NA,1997
"1005",1663037,NA,1997
"1006",1663038,NA,1997
"1007",1663040,6000,1997
"1008",1663041,NA,1997
"1009",1663042,NA,1997
"1010",1663043,NA,1997
"1011",1663046,NA,1997
"1012",1670034,NA,1997
"1013",1670035,NA,1997
"1014",1670036,NA,1997
"1015",1679030,NA,1997
"1016",1682033,NA,1997
"1017",1682034,NA,1997
"1018",1682035,NA,1997
"1019",1684034,NA,1997
"1020",1684035,NA,1997
"1021",1684036,4224,1997
"1022",1684037,4224,1997
"1023",1687031,NA,1997
"1024",1690033,3500,1997
"1025",1690034,3500,1997
"1026",1690035,NA,1997
"1027",1690036,NA,1997
"1028",1690172,3500,1997
"1029",1690173,3500,1997
"1030",1692038,NA,1997
"1031",1692039,NA,1997
"1032",1692040,NA,1997
"1033",1695045,NA,1997
"1034",1695046,NA,1997
"1035",1695047,NA,1997
"1036",1695048,NA,1997
"1037",1695050,NA,1997
"1038",1695051,NA,1997
"1039",1695052,NA,1997
"1040",1695054,NA,1997
"1041",1695064,3500,1997
"1042",1695199,NA,1997
"1043",1697044,NA,1997
"1044",1697045,NA,1997
"1045",1697046,NA,1997
"1046",1697047,NA,1997
"1047",1697048,NA,1997
"1048",1697049,NA,1997
"1049",1698031,NA,1997
"1050",1698173,NA,1997
"1051",1700036,3500,1997
"1052",1700038,3845,1997
"1053",1700039,NA,1997
"1054",1700180,NA,1997
"1055",1701032,4705,1997
"1056",1701033,4705,1997
"1057",1701034,NA,1997
"1058",1701035,NA,1997
"1059",1701036,NA,1997
"1060",1709183,NA,1997
"1061",1709184,NA,1997
"1062",1720178,NA,1997
"1063",1722037,NA,1997
"1064",1722038,NA,1997
"1065",1722040,NA,1997
"1066",1722184,NA,1997
"1067",1722185,NA,1997
"1068",1731031,NA,1997
"1069",1731032,43,1997
"1070",1731033,4500,1997
"1071",1731035,NA,1997
"1072",1732030,NA,1997
"1073",1732031,NA,1997
"1074",1738032,NA,1997
"1075",1738033,NA,1997
"1076",1740032,NA,1997
"1077",1750031,NA,1997
"1078",1758033,NA,1997
"1079",1758034,NA,1997
"1080",1758035,NA,1997
"1081",1758036,NA,1997
"1082",1762040,NA,1997
"1083",1762041,NA,1997
"1084",1762042,NA,1997
"1085",1762043,NA,1997
"1086",1762044,NA,1997
"1087",1762045,NA,1997
"1088",1763035,NA,1997
"1089",1763036,NA,1997
"1090",1763038,NA,1997
"1091",1763040,NA,1997
"1092",1767032,NA,1997
"1093",1767033,NA,1997
"1094",1775033,5240,1997
"1095",1775035,NA,1997
"1096",1775036,NA,1997
"1097",1775037,NA,1997
"1098",1775038,NA,1997
"1099",1775039,NA,1997
"1100",1782033,NA,1997
"1101",1782034,NA,1997
"1102",1782035,NA,1997
"1103",1782175,NA,1997
"1104",1783030,5492.54,1997
"1105",1783170,5492.54,1997
"1106",1784033,NA,1997
"1107",1784035,NA,1997
"1108",1786045,3884,1997
"1109",1786047,NA,1997
"1110",1786048,NA,1997
"1111",1786049,NA,1997
"1112",1786050,NA,1997
"1113",1787035,NA,1997
"1114",1794032,NA,1997
"1115",1795033,3600,1997
"1116",1798039,NA,1997
"1117",1798040,NA,1997
"1118",1798041,NA,1997
"1119",1799038,13,1997
"1120",1799039,NA,1997
"1121",1802033,NA,1997
"1122",1803030,NA,1997
"1123",1803031,NA,1997
"1124",1805033,NA,1997
"1125",1805034,3200,1997
"1126",1805175,NA,1997
"1127",1807035,NA,1997
"1128",1807037,NA,1997
"1129",1810043,NA,1997
"1130",1813032,NA,1997
"1131",1822034,NA,1997
"1132",1823033,NA,1997
"1133",1823034,58,1997
"1134",1824176,NA,1997
"1135",1830033,NA,1997
"1136",1830034,5000,1997
"1137",1837034,4065,1997
"1138",1837035,NA,1997
"1139",1839034,NA,1997
"1140",1839035,NA,1997
"1141",1839036,2500,1997
"1142",1839038,NA,1997
"1143",1841035,NA,1997
"1144",1841036,NA,1997
"1145",1841037,NA,1997
"1146",1841039,NA,1997
"1147",1845030,84,1997
"1148",1845031,84,1997
"1149",1850033,NA,1997
"1150",1850034,NA,1997
"1151",1852032,NA,1997
"1152",1859031,NA,1997
"1153",1859033,9859,1997
"1154",1862032,NA,1997
"1155",1862033,NA,1997
"1156",1862173,NA,1997
"1157",1866032,3512,1997
"1158",1866033,NA,1997
"1159",1866034,NA,1997
"1160",1867033,NA,1997
"1161",1867034,NA,1997
"1162",1877176,NA,1997
"1163",1878033,NA,1997
"1164",1878034,NA,1997
"1165",1879032,NA,1997
"1166",1879033,NA,1997
"1167",1887037,NA,1997
"1168",1893034,3000,1997
"1169",1893035,3000,1997
"1170",1893036,NA,1997
"1171",1893037,NA,1997
"1172",1893038,NA,1997
"1173",1897030,2000,1997
"1174",1898030,NA,1997
"1175",1901031,NA,1997
"1176",1901172,NA,1997
"1177",1905031,NA,1997
"1178",1905032,4000,1997
"1179",1905033,NA,1997
"1180",1906031,NA,1997
"1181",1908032,NA,1997
"1182",1908033,NA,1997
"1183",1909030,NA,1997
"1184",1909031,NA,1997
"1185",1911033,NA,1997
"1186",1911034,NA,1997
"1187",1911035,NA,1997
"1188",1914032,NA,1997
"1189",1914033,NA,1997
"1190",1915030,NA,1997
"1191",1915031,NA,1997
"1192",1915032,NA,1997
"1193",1917030,NA,1997
"1194",1917031,NA,1997
"1195",1917032,1000,1997
"1196",1917033,NA,1997
"1197",1917034,NA,1997
"1198",1918033,NA,1997
"1199",1919037,NA,1997
"1200",1919038,NA,1997
"1201",1919040,NA,1997
"1202",1919041,NA,1997
"1203",1919043,NA,1997
"1204",1919044,NA,1997
"1205",1919045,NA,1997
"1206",1919046,NA,1997
"1207",1920032,NA,1997
"1208",1920033,NA,1997
"1209",1925031,NA,1997
"1210",1926031,NA,1997
"1211",1926032,NA,1997
"1212",1926033,NA,1997
"1213",1928030,NA,1997
"1214",1930034,NA,1997
"1215",1930035,NA,1997
"1216",1932035,NA,1997
"1217",1935172,NA,1997
"1218",1935173,NA,1997
"1219",1945032,NA,1997
"1220",1947030,NA,1997
"1221",1947031,NA,1997
"1222",1947032,NA,1997
"1223",1954030,11,1997
"1224",1954031,NA,1997
"1225",1954033,NA,1997
"1226",1954171,NA,1997
"1227",1955030,NA,1997
"1228",1956030,NA,1997
"1229",1959031,NA,1997
"1230",1959032,3690,1997
"1231",1960032,NA,1997
"1232",1960178,NA,1997
"1233",1960179,NA,1997
"1234",1962030,95,1997
"1235",1962031,NA,1997
"1236",1965031,NA,1997
"1237",1969032,NA,1997
"1238",1969033,NA,1997
"1239",1970032,NA,1997
"1240",1971033,6670,1997
"1241",1975032,NA,1997
"1242",1975033,NA,1997
"1243",1978031,NA,1997
"1244",1985030,NA,1997
"1245",1994177,6000,1997
"1246",1994178,NA,1997
"1247",2004035,NA,1997
"1248",2004036,NA,1997
"1249",2006177,NA,1997
"1250",2006178,NA,1997
"1251",2011033,4400,1997
"1252",2011034,4400,1997
"1253",2011035,NA,1997
"1254",2012032,NA,1997
"1255",2012033,NA,1997
"1256",2012034,NA,1997
"1257",2013174,3400,1997
"1258",2016031,NA,1997
"1259",2016032,NA,1997
"1260",2016033,NA,1997
"1261",2017032,NA,1997
"1262",2019031,NA,1997
"1263",2019032,NA,1997
"1264",2022030,NA,1997
"1265",2022031,NA,1997
"1266",2028032,NA,1997
"1267",2030037,NA,1997
"1268",2030038,3800,1997
"1269",2030039,NA,1997
"1270",2030040,NA,1997
"1271",2030041,NA,1997
"1272",2032035,3418,1997
"1273",2032037,1800,1997
"1274",2032040,NA,1997
"1275",2032041,NA,1997
"1276",2033030,NA,1997
"1277",2034031,NA,1997
"1278",2034033,NA,1997
"1279",2034034,NA,1997
"1280",2047030,NA,1997
"1281",2047031,NA,1997
"1282",2050031,NA,1997
"1283",2050032,NA,1997
"1284",2051034,NA,1997
"1285",2051035,NA,1997
"1286",2053031,4270,1997
"1287",2053032,4200,1997
"1288",2053033,4200,1997
"1289",2054030,NA,1997
"1290",2054031,NA,1997
"1291",2055030,NA,1997
"1292",2055031,NA,1997
"1293",2055032,NA,1997
"1294",2055033,NA,1997
"1295",2055034,NA,1997
"1296",2056034,NA,1997
"1297",2059033,NA,1997
"1298",2060030,NA,1997
"1299",2061031,NA,1997
"1300",2061032,NA,1997
"1301",2061183,NA,1997
"1302",2067036,NA,1997
"1303",2067037,NA,1997
"1304",2067038,NA,1997
"1305",2073033,NA,1997
"1306",2073034,NA,1997
"1307",2075177,NA,1997
"1308",2080031,5000,1997
"1309",2080032,NA,1997
"1310",2083030,NA,1997
"1311",2083031,NA,1997
"1312",2083172,NA,1997
"1313",2083173,NA,1997
"1314",2086031,NA,1997
"1315",2086033,NA,1997
"1316",2088031,NA,1997
"1317",2095032,NA,1997
"1318",2095033,NA,1997
"1319",2106031,NA,1997
"1320",2106032,NA,1997
"1321",2106033,NA,1997
"1322",2108031,2100,1997
"1323",2108032,2100,1997
"1324",2108033,NA,1997
"1325",2108034,NA,1997
"1326",2108178,NA,1997
"1327",2108179,NA,1997
"1328",2109030,NA,1997
"1329",2109031,NA,1997
"1330",2117030,NA,1997
"1331",2117031,NA,1997
"1332",2117032,NA,1997
"1333",2117033,NA,1997
"1334",2125030,NA,1997
"1335",2125031,NA,1997
"1336",2125032,NA,1997
"1337",2125034,NA,1997
"1338",2126032,NA,1997
"1339",2127030,4000,1997
"1340",2127031,4000,1997
"1341",2128032,NA,1997
"1342",2128033,NA,1997
"1343",2129032,NA,1997
"1344",2129033,NA,1997
"1345",2129035,NA,1997
"1346",2129036,NA,1997
"1347",2129190,NA,1997
"1348",2137034,NA,1997
"1349",2138033,NA,1997
"1350",2138176,NA,1997
"1351",2143031,NA,1997
"1352",2143032,NA,1997
"1353",2150031,NA,1997
"1354",2151038,NA,1997
"1355",2151039,NA,1997
"1356",2151040,NA,1997
"1357",2151041,NA,1997
"1358",2164039,NA,1997
"1359",2164041,NA,1997
"1360",2164042,NA,1997
"1361",2175030,NA,1997
"1362",2175031,NA,1997
"1363",2175032,NA,1997
"1364",2175033,NA,1997
"1365",2176031,NA,1997
"1366",2176032,NA,1997
"1367",2177031,NA,1997
"1368",2177032,4130,1997
"1369",2177033,NA,1997
"1370",2177034,NA,1997
"1371",2177035,NA,1997
"1372",2177036,NA,1997
"1373",2181036,NA,1997
"1374",2181038,NA,1997
"1375",2188030,2488,1997
"1376",2188032,NA,1997
"1377",2191038,5642,1997
"1378",2191182,NA,1997
"1379",2194185,NA,1997
"1380",2195178,2628,1997
"1381",2195181,NA,1997
"1382",2196034,NA,1997
"1383",2196035,NA,1997
"1384",2197031,NA,1997
"1385",2197032,NA,1997
"1386",2198031,4200,1997
"1387",2198032,4500,1997
"1388",2198033,4200,1997
"1389",2198034,4500,1997
"1390",2198035,NA,1997
"1391",2198036,NA,1997
"1392",2199035,NA,1997
"1393",2199036,NA,1997
"1394",2201030,NA,1997
"1395",2201173,NA,1997
"1396",2205032,NA,1997
"1397",2207030,NA,1997
"1398",2207031,NA,1997
"1399",2210033,NA,1997
"1400",2210035,NA,1997
"1401",2210180,NA,1997
"1402",2210181,NA,1997
"1403",2219033,83,1997
"1404",2219034,83,1997
"1405",2224030,55,1997
"1406",2224039,212,1997
"1407",2224040,4700,1997
"1408",2224042,NA,1997
"1409",2224044,NA,1997
"1410",2224045,NA,1997
"1411",2225033,NA,1997
"1412",2225034,2100,1997
"1413",2228030,NA,1997
"1414",2228031,NA,1997
"1415",2228033,NA,1997
"1416",2228035,NA,1997
"1417",2228036,NA,1997
"1418",2237031,NA,1997
"1419",2237032,NA,1997
"1420",2238031,NA,1997
"1421",2238033,NA,1997
"1422",2238035,NA,1997
"1423",2238036,NA,1997
"1424",2238037,NA,1997
"1425",2240031,3800,1997
"1426",2240032,3600,1997
"1427",2240033,3600,1997
"1428",2240034,NA,1997
"1429",2240175,NA,1997
"1430",2244031,NA,1997
"1431",2246030,NA,1997
"1432",2248033,NA,1997
"1433",2248034,NA,1997
"1434",2250041,3850,1997
"1435",2250042,NA,1997
"1436",2250043,NA,1997
"1437",2250044,NA,1997
"1438",2250045,NA,1997
"1439",2251035,NA,1997
"1440",2251037,NA,1997
"1441",2251040,NA,1997
"1442",2256175,NA,1997
"1443",2260031,NA,1997
"1444",2260033,NA,1997
"1445",2260035,NA,1997
"1446",2260036,5420,1997
"1447",2261033,NA,1997
"1448",2261034,NA,1997
"1449",2271032,4200,1997
"1450",2271034,NA,1997
"1451",2271035,NA,1997
"1452",2272033,NA,1997
"1453",2276171,NA,1997
"1454",2277034,NA,1997
"1455",2277035,NA,1997
"1456",2277183,4128,1997
"1457",2277184,4128,1997
"1458",2278039,NA,1997
"1459",2278040,NA,1997
"1460",2278041,NA,1997
"1461",2278042,NA,1997
"1462",2278043,NA,1997
"1463",2280038,NA,1997
"1464",2280039,NA,1997
"1465",2280041,8500,1997
"1466",2280042,5598,1997
"1467",2280043,NA,1997
"1468",2282178,NA,1997
"1469",2285036,NA,1997
"1470",2285037,NA,1997
"1471",2288033,NA,1997
"1472",2288034,NA,1997
"1473",2292036,NA,1997
"1474",2297034,NA,1997
"1475",2299033,NA,1997
"1476",2299034,NA,1997
"1477",2299035,3350,1997
"1478",2299036,3500,1997
"1479",2302043,NA,1997
"1480",2302047,NA,1997
"1481",2302048,NA,1997
"1482",2302049,NA,1997
"1483",2302050,NA,1997
"1484",2302051,NA,1997
"1485",2302052,NA,1997
"1486",2302053,NA,1997
"1487",2302194,NA,1997
"1488",2302198,3176,1997
"1489",2302199,3176,1997
"1490",2304032,NA,1997
"1491",2304033,NA,1997
"1492",2311031,NA,1997
"1493",2311032,NA,1997
"1494",2311033,6000,1997
"1495",2311034,NA,1997
"1496",2311035,6000,1997
"1497",2323032,NA,1997
"1498",2323033,NA,1997
"1499",2323034,NA,1997
"1500",2326036,NA,1997
"1501",2326037,NA,1997
"1502",2330031,4250,1997
"1503",2330032,NA,1997
"1504",2335032,NA,1997
"1505",2341031,4000,1997
"1506",2341032,4000,1997
"1507",2341033,NA,1997
"1508",2341034,NA,1997
"1509",2352031,1985,1997
"1510",2352032,NA,1997
"1511",2353030,NA,1997
"1512",2353035,5000,1997
"1513",2354034,NA,1997
"1514",2354035,6207,1997
"1515",2354036,NA,1997
"1516",2355033,5819,1997
"1517",2355176,5819,1997
"1518",2379031,3300,1997
"1519",2379032,3300,1997
"1520",2379033,NA,1997
"1521",2383173,NA,1997
"1522",2383174,NA,1997
"1523",2392032,NA,1997
"1524",2392033,NA,1997
"1525",2392034,NA,1997
"1526",2392035,NA,1997
"1527",2392036,NA,1997
"1528",2392037,NA,1997
"1529",2393030,3500,1997
"1530",2393031,NA,1997
"1531",2397037,NA,1997
"1532",2397038,NA,1997
"1533",2409031,NA,1997
"1534",2409032,NA,1997
"1535",2409033,NA,1997
"1536",2409175,3550,1997
"1537",2410031,NA,1997
"1538",2410032,NA,1997
"1539",2410033,NA,1997
"1540",2411171,NA,1997
"1541",2411172,NA,1997
"1542",2411173,4986,1997
"1543",2411174,4986,1997
"1544",2412033,NA,1997
"1545",2416034,1700,1997
"1546",2416035,NA,1997
"1547",2416036,NA,1997
"1548",2417175,NA,1997
"1549",2417176,NA,1997
"1550",2418034,NA,1997
"1551",2422035,3399,1997
"1552",2422036,3399,1997
"1553",2427034,NA,1997
"1554",2427035,NA,1997
"1555",2432038,NA,1997
"1556",2432041,NA,1997
"1557",2432042,NA,1997
"1558",2432044,NA,1997
"1559",2432046,NA,1997
"1560",2432047,NA,1997
"1561",2432048,NA,1997
"1562",2432052,NA,1997
"1563",2432053,NA,1997
"1564",2432054,NA,1997
"1565",2432055,NA,1997
"1566",2432187,NA,1997
"1567",2434031,NA,1997
"1568",2434032,NA,1997
"1569",2435031,2300,1997
"1570",2435032,NA,1997
"1571",2435034,NA,1997
"1572",2435035,NA,1997
"1573",2435036,NA,1997
"1574",2436036,1750,1997
"1575",2436037,90,1997
"1576",2441031,NA,1997
"1577",2441032,NA,1997
"1578",2441034,5198,1997
"1579",2441035,5198,1997
"1580",2441037,NA,1997
"1581",2443030,NA,1997
"1582",2443031,NA,1997
"1583",2443033,NA,1997
"1584",2443179,NA,1997
"1585",2461031,NA,1997
"1586",2461032,NA,1997
"1587",2461033,NA,1997
"1588",2461173,NA,1997
"1589",2464032,NA,1997
"1590",2468030,NA,1997
"1591",2468031,NA,1997
"1592",2469032,NA,1997
"1593",2473030,NA,1997
"1594",2473032,NA,1997
"1595",2474034,NA,1997
"1596",2478031,4903,1997
"1597",2478032,3894,1997
"1598",2485032,4950,1997
"1599",2485034,NA,1997
"1600",2485035,NA,1997
"1601",2485036,NA,1997
"1602",2486034,NA,1997
"1603",2490034,NA,1997
"1604",2492030,NA,1997
"1605",2501031,NA,1997
"1606",2501032,NA,1997
"1607",2501033,NA,1997
"1608",2501034,NA,1997
"1609",2502033,4199,1997
"1610",2502035,NA,1997
"1611",2502036,NA,1997
"1612",2502037,NA,1997
"1613",2506178,NA,1997
"1614",2509035,NA,1997
"1615",2509036,7000,1997
"1616",2509037,NA,1997
"1617",2509038,NA,1997
"1618",2509039,NA,1997
"1619",2509040,NA,1997
"1620",2509041,NA,1997
"1621",2509042,NA,1997
"1622",2509043,NA,1997
"1623",2510033,NA,1997
"1624",2510034,NA,1997
"1625",2510035,NA,1997
"1626",2510036,NA,1997
"1627",2515038,NA,1997
"1628",2515040,NA,1997
"1629",2515041,NA,1997
"1630",2516031,4300,1997
"1631",2516032,NA,1997
"1632",2516033,NA,1997
"1633",2518033,NA,1997
"1634",2518176,NA,1997
"1635",2524030,NA,1997
"1636",2524031,NA,1997
"1637",2525030,NA,1997
"1638",2525177,NA,1997
"1639",2526033,2300,1997
"1640",2526034,NA,1997
"1641",2526035,NA,1997
"1642",2529031,NA,1997
"1643",2530037,NA,1997
"1644",2530038,NA,1997
"1645",2530186,6842,1997
"1646",2532031,NA,1997
"1647",2532032,NA,1997
"1648",2538031,6000,1997
"1649",2539034,3661,1997
"1650",2540032,NA,1997
"1651",2540171,NA,1997
"1652",2545033,NA,1997
"1653",2545034,NA,1997
"1654",2557032,NA,1997
"1655",2557033,NA,1997
"1656",2558031,NA,1997
"1657",2558171,NA,1997
"1658",2566038,NA,1997
"1659",2566039,NA,1997
"1660",2569037,NA,1997
"1661",2569038,NA,1997
"1662",2576033,NA,1997
"1663",2576034,NA,1997
"1664",2577030,NA,1997
"1665",2577031,NA,1997
"1666",2578180,NA,1997
"1667",2586032,NA,1997
"1668",2586034,NA,1997
"1669",2586035,NA,1997
"1670",2590040,NA,1997
"1671",2590041,NA,1997
"1672",2590042,NA,1997
"1673",2590043,NA,1997
"1674",2591035,NA,1997
"1675",2593033,NA,1997
"1676",2594030,NA,1997
"1677",2599174,NA,1997
"1678",2599175,NA,1997
"1679",2601033,NA,1997
"1680",2601034,NA,1997
"1681",2601036,4490,1997
"1682",2601038,NA,1997
"1683",2603032,4876.54,1997
"1684",2603033,NA,1997
"1685",2603179,NA,1997
"1686",2607030,NA,1997
"1687",2610032,NA,1997
"1688",2611037,NA,1997
"1689",2611038,NA,1997
"1690",2613030,NA,1997
"1691",2613031,NA,1997
"1692",2615046,4200,1997
"1693",2615047,NA,1997
"1694",2615048,3500,1997
"1695",2615049,NA,1997
"1696",2618032,NA,1997
"1697",2618033,NA,1997
"1698",2618034,NA,1997
"1699",2618035,NA,1997
"1700",2618037,NA,1997
"1701",2621034,NA,1997
"1702",2628032,NA,1997
"1703",2628034,NA,1997
"1704",2628035,NA,1997
"1705",2628037,2381,1997
"1706",2629030,NA,1997
"1707",2629031,NA,1997
"1708",2639030,NA,1997
"1709",2640030,NA,1997
"1710",2642032,NA,1997
"1711",2642034,NA,1997
"1712",2642035,NA,1997
"1713",2643032,NA,1997
"1714",2645030,5000,1997
"1715",2646032,NA,1997
"1716",2646033,NA,1997
"1717",2647030,4420,1997
"1718",2653030,NA,1997
"1719",2655031,350,1997
"1720",2655032,350,1997
"1721",2655033,NA,1997
"1722",2656033,4750,1997
"1723",2656034,NA,1997
"1724",2656035,NA,1997
"1725",2656036,NA,1997
"1726",2656037,NA,1997
"1727",2657036,NA,1997
"1728",2657037,NA,1997
"1729",2657038,NA,1997
"1730",2660031,NA,1997
"1731",2660032,NA,1997
"1732",2661040,NA,1997
"1733",2661041,NA,1997
"1734",2661042,NA,1997
"1735",2661043,NA,1997
"1736",2661044,NA,1997
"1737",2662032,NA,1997
"1738",2672030,NA,1997
"1739",2672031,NA,1997
"1740",2672032,NA,1997
"1741",2673174,4597,1997
"1742",2678037,NA,1997
"1743",2678038,1985,1997
"1744",2678040,NA,1997
"1745",2680032,4000,1997
"1746",2680033,NA,1997
"1747",2680034,NA,1997
"1748",2682032,NA,1997
"1749",2682033,NA,1997
"1750",2688036,NA,1997
"1751",2701038,NA,1997
"1752",2701043,NA,1997
"1753",2701047,NA,1997
"1754",2701048,NA,1997
"1755",2701049,NA,1997
"1756",2701050,NA,1997
"1757",2701051,NA,1997
"1758",2701052,NA,1997
"1759",2701208,NA,1997
"1760",2704185,NA,1997
"1761",2704186,3900,1997
"1762",2707034,NA,1997
"1763",2707035,5271,1997
"1764",2707037,3600,1997
"1765",2707038,NA,1997
"1766",2707042,NA,1997
"1767",2707043,3500,1997
"1768",2707044,NA,1997
"1769",2707182,3400,1997
"1770",2712032,NA,1997
"1771",2714036,NA,1997
"1772",2714183,NA,1997
"1773",2715030,NA,1997
"1774",2716032,NA,1997
"1775",2716033,NA,1997
"1776",2717033,NA,1997
"1777",2717034,NA,1997
"1778",2717036,NA,1997
"1779",2717038,NA,1997
"1780",2722031,NA,1997
"1781",2726030,NA,1997
"1782",2726031,NA,1997
"1783",2727035,NA,1997
"1784",2727036,NA,1997
"1785",2727178,NA,1997
"1786",2727179,NA,1997
"1787",2731034,NA,1997
"1788",2731035,NA,1997
"1789",2731036,NA,1997
"1790",2731037,NA,1997
"1791",2731175,NA,1997
"1792",2744034,NA,1997
"1793",2750031,NA,1997
"1794",2750032,NA,1997
"1795",2752032,NA,1997
"1796",2752033,NA,1997
"1797",2753034,4859,1997
"1798",2753035,NA,1997
"1799",2753174,NA,1997
"1800",2756034,NA,1997
"1801",2756173,NA,1997
"1802",2771033,NA,1997
"1803",2771034,3668,1997
"1804",2774172,4235,1997
"1805",2776031,4000,1997
"1806",2776032,NA,1997
"1807",2779031,NA,1997
"1808",2782177,NA,1997
"1809",2783031,NA,1997
"1810",2786032,NA,1997
"1811",2786033,NA,1997
"1812",2786034,NA,1997
"1813",2799031,NA,1997
"1814",2799032,NA,1997
"1815",2800035,5200,1997
"1816",2801035,NA,1997
"1817",2801179,NA,1997
"1818",2801180,4404,1997
"1819",2806033,1500,1997
"1820",2807030,4868.68,1997
"1821",2807031,4868.68,1997
"1822",2816033,NA,1997
"1823",2822032,NA,1997
"1824",2831032,NA,1997
"1825",2831033,NA,1997
"1826",2835030,NA,1997
"1827",2835031,NA,1997
"1828",2836033,NA,1997
"1829",2836035,NA,1997
"1830",2846176,NA,1997
"1831",2846177,NA,1997
"1832",2847040,NA,1997
"1833",2848036,NA,1997
"1834",2848037,NA,1997
"1835",2848038,NA,1997
"1836",2848039,NA,1997
"1837",2848040,NA,1997
"1838",2848041,NA,1997
"1839",2848042,NA,1997
"1840",2848043,NA,1997
"1841",2848175,NA,1997
"1842",2848179,NA,1997
"1843",2849031,NA,1997
"1844",2849032,NA,1997
"1845",2851031,NA,1997
"1846",2851032,5586,1997
"1847",2851033,5586,1997
"1848",2851034,NA,1997
"1849",2851035,NA,1997
"1850",2852041,NA,1997
"1851",2852046,NA,1997
"1852",2852048,NA,1997
"1853",2852049,NA,1997
"1854",2852050,NA,1997
"1855",2852051,NA,1997
"1856",2852052,NA,1997
"1857",2852053,NA,1997
"1858",2852054,NA,1997
"1859",2860031,NA,1997
"1860",2860032,NA,1997
"1861",2867032,NA,1997
"1862",2869031,NA,1997
"1863",2874032,NA,1997
"1864",2874033,NA,1997
"1865",2875034,2177.16,1997
"1866",2875035,NA,1997
"1867",2876032,NA,1997
"1868",2880030,NA,1997
"1869",2880031,NA,1997
"1870",2881033,55.5,1997
"1871",2881036,NA,1997
"1872",2881037,NA,1997
"1873",2882032,1000,1997
"1874",2882033,1800,1997
"1875",2882034,NA,1997
"1876",2887036,2356,1997
"1877",2888030,NA,1997
"1878",2890031,NA,1997
"1879",2893031,4540,1997
"1880",2893177,4540,1997
"1881",2895032,4300,1997
"1882",2895033,5725,1997
"1883",2895034,NA,1997
"1884",2897031,NA,1997
"1885",2897032,NA,1997
"1886",2897033,NA,1997
"1887",2897034,NA,1997
"1888",2897036,NA,1997
"1889",2897180,NA,1997
"1890",2897182,NA,1997
"1891",2898031,NA,1997
"1892",2898032,3900,1997
"1893",2902030,3750,1997
"1894",2902032,NA,1997
"1895",2902033,NA,1997
"1896",2907035,NA,1997
"1897",2907036,NA,1997
"1898",2907037,NA,1997
"1899",2907038,NA,1997
"1900",2907041,NA,1997
"1901",2907043,NA,1997
"1902",2910032,NA,1997
"1903",2910033,NA,1997
"1904",2916031,NA,1997
"1905",2916032,NA,1997
"1906",2920034,NA,1997
"1907",2920035,NA,1997
"1908",2921031,NA,1997
"1909",2921033,NA,1997
"1910",3002002,NA,1997
"1911",3005002,NA,1997
"1912",3006004,NA,1997
"1913",3010003,NA,1997
"1914",3010004,NA,1997
"1915",3012002,12416,1997
"1916",3018002,NA,1997
"1917",3018003,NA,1997
"1918",3019003,NA,1997
"1919",3021003,NA,1997
"1920",3021004,NA,1997
"1921",3023003,NA,1997
"1922",3023004,NA,1997
"1923",3024003,NA,1997
"1924",3025003,NA,1997
"1925",3025004,NA,1997
"1926",3027002,NA,1997
"1927",3030003,NA,1997
"1928",3032003,NA,1997
"1929",3033002,NA,1997
"1930",3034004,2199.49,1997
"1931",3036004,NA,1997
"1932",3036005,NA,1997
"1933",3037002,NA,1997
"1934",3037004,NA,1997
"1935",3041003,NA,1997
"1936",3041004,NA,1997
"1937",3043003,NA,1997
"1938",3045003,NA,1997
"1939",3045004,NA,1997
"1940",3046005,NA,1997
"1941",3046007,NA,1997
"1942",3047005,NA,1997
"1943",3047006,NA,1997
"1944",3049004,NA,1997
"1945",3049005,NA,1997
"1946",3050003,NA,1997
"1947",3050004,NA,1997
"1948",3055003,NA,1997
"1949",3055004,NA,1997
"1950",3056003,NA,1997
"1951",3057004,NA,1997
"1952",3057005,NA,1997
"1953",3059003,7102,1997
"1954",3059004,7102,1997
"1955",3061003,NA,1997
"1956",3061004,NA,1997
"1957",3063005,NA,1997
"1958",3063006,NA,1997
"1959",3064006,NA,1997
"1960",3064007,NA,1997
"1961",3066003,NA,1997
"1962",3070003,NA,1997
"1963",3073002,NA,1997
"1964",3075004,450,1997
"1965",3078003,NA,1997
"1966",3079005,NA,1997
"1967",3080003,NA,1997
"1968",3082003,NA,1997
"1969",3082004,NA,1997
"1970",3085003,NA,1997
"1971",3085004,NA,1997
"1972",3088004,NA,1997
"1973",3088005,NA,1997
"1974",3089006,NA,1997
"1975",3089007,NA,1997
"1976",3090003,NA,1997
"1977",3090004,NA,1997
"1978",3091003,NA,1997
"1979",3091004,NA,1997
"1980",3092003,NA,1997
"1981",3092004,NA,1997
"1982",3093002,NA,1997
"1983",3094003,2583,1997
"1984",3094004,NA,1997
"1985",3095003,NA,1997
"1986",3095004,NA,1997
"1987",3096003,NA,1997
"1988",3098003,NA,1997
"1989",3098004,NA,1997
"1990",3099004,NA,1997
"1991",3099005,NA,1997
"1992",3105003,NA,1997
"1993",3105004,NA,1997
"1994",3108004,NA,1997
"1995",3109003,NA,1997
"1996",3110003,NA,1997
"1997",3110005,NA,1997
"1998",3111004,NA,1997
"1999",3111005,NA,1997
"2000",3113003,NA,1997
"2001",3115004,NA,1997
"2002",3116002,NA,1997
"2003",3117005,NA,1997
"2004",3117006,NA,1997
"2005",3121004,NA,1997
"2006",3123003,NA,1997
"2007",3124003,NA,1997
"2008",3125004,NA,1997
"2009",3125005,NA,1997
"2010",3126004,NA,1997
"2011",3127003,NA,1997
"2012",3127004,NA,1997
"2013",3128004,NA,1997
"2014",3128006,NA,1997
"2015",3129003,NA,1997
"2016",3129004,NA,1997
"2017",3130002,4000,1997
"2018",3131002,NA,1997
"2019",3131003,NA,1997
"2020",3133003,NA,1997
"2021",3135003,NA,1997
"2022",3135004,NA,1997
"2023",3136003,NA,1997
"2024",3140003,4480,1997
"2025",3140004,NA,1997
"2026",3141005,NA,1997
"2027",3143004,NA,1997
"2028",3144003,NA,1997
"2029",3147006,NA,1997
"2030",3149003,NA,1997
"2031",3151004,NA,1997
"2032",3151005,NA,1997
"2033",3154003,NA,1997
"2034",3155005,NA,1997
"2035",3155006,NA,1997
"2036",3156003,NA,1997
"2037",3156004,NA,1997
"2038",3157004,NA,1997
"2039",3157005,NA,1997
"2040",3159003,NA,1997
"2041",3159004,NA,1997
"2042",3161003,5670,1997
"2043",3162005,NA,1997
"2044",3162006,NA,1997
"2045",3163004,4300,1997
"2046",3167003,7500,1997
"2047",3168003,NA,1997
"2048",3168004,NA,1997
"2049",3171005,3560,1997
"2050",3172004,7321,1997
"2051",3176004,NA,1997
"2052",3176005,NA,1997
"2053",3177003,NA,1997
"2054",3178003,NA,1997
"2055",3178005,NA,1997
"2056",3179004,NA,1997
"2057",3179006,NA,1997
"2058",3189003,NA,1997
"2059",3190003,NA,1997
"2060",3191004,NA,1997
"2061",3194003,NA,1997
"2062",3194004,NA,1997
"2063",3196003,NA,1997
"2064",3196006,NA,1997
"2065",3197005,NA,1997
"2066",3198002,NA,1997
"2067",3200004,NA,1997
"2068",3200006,4255,1997
"2069",3202003,NA,1997
"2070",3202005,NA,1997
"2071",3204003,NA,1997
"2072",3204004,NA,1997
"2073",3205002,NA,1997
"2074",3206004,NA,1997
"2075",3207004,NA,1997
"2076",3207005,NA,1997
"2077",3211003,NA,1997
"2078",3211004,NA,1997
"2079",3212005,NA,1997
"2080",3212007,NA,1997
"2081",3217003,NA,1997
"2082",3221003,NA,1997
"2083",3221005,NA,1997
"2084",3223003,NA,1997
"2085",3223004,NA,1997
"2086",3224006,NA,1997
"2087",3224007,NA,1997
"2088",3225003,39,1997
"2089",3225006,NA,1997
"2090",3227003,NA,1997
"2091",3227004,NA,1997
"2092",3228003,NA,1997
"2093",3228006,NA,1997
"2094",3229003,NA,1997
"2095",3229004,NA,1997
"2096",3231003,NA,1997
"2097",3232004,NA,1997
"2098",3232005,NA,1997
"2099",3233003,NA,1997
"2100",3233004,NA,1997
"2101",3237006,NA,1997
"2102",3237007,NA,1997
"2103",3238003,NA,1997
"2104",3238004,NA,1997
"2105",3239003,NA,1997
"2106",3239004,NA,1997
"2107",3240003,NA,1997
"2108",3240006,NA,1997
"2109",3242003,NA,1997
"2110",3242004,NA,1997
"2111",3243004,NA,1997
"2112",3248004,NA,1997
"2113",3248005,NA,1997
"2114",3249004,NA,1997
"2115",3249007,NA,1997
"2116",3250003,NA,1997
"2117",3250004,3200,1997
"2118",3257003,NA,1997
"2119",3257004,NA,1997
"2120",3258004,NA,1997
"2121",3258005,NA,1997
"2122",3265003,NA,1997
"2123",3265004,NA,1997
"2124",3270002,NA,1997
"2125",3275003,NA,1997
"2126",3275004,NA,1997
"2127",3276004,NA,1997
"2128",3277003,NA,1997
"2129",3277004,NA,1997
"2130",3279006,NA,1997
"2131",3279007,NA,1997
"2132",3282005,NA,1997
"2133",3282007,2600,1997
"2134",3289003,NA,1997
"2135",3291003,5915,1997
"2136",3294004,NA,1997
"2137",3302003,NA,1997
"2138",3302004,NA,1997
"2139",3303007,NA,1997
"2140",3308003,NA,1997
"2141",3309003,3000,1997
"2142",3309004,NA,1997
"2143",3310003,NA,1997
"2144",3311005,NA,1997
"2145",3311007,NA,1997
"2146",3312005,NA,1997
"2147",3317003,NA,1997
"2148",3317004,1380,1997
"2149",3318003,NA,1997
"2150",3320002,3700,1997
"2151",3323003,NA,1997
"2152",3323004,NA,1997
"2153",3326003,NA,1997
"2154",3328005,NA,1997
"2155",3328006,NA,1997
"2156",3330003,NA,1997
"2157",3331006,NA,1997
"2158",3331008,NA,1997
"2159",3332003,NA,1997
"2160",3332004,NA,1997
"2161",3333003,NA,1997
"2162",3336003,NA,1997
"2163",3336005,4300,1997
"2164",3343003,NA,1997
"2165",3345003,NA,1997
"2166",3345005,NA,1997
"2167",3346003,NA,1997
"2168",3347005,NA,1997
"2169",3348006,NA,1997
"2170",3349003,3000,1997
"2171",3349004,NA,1997
"2172",3350003,NA,1997
"2173",3352003,NA,1997
"2174",3353003,NA,1997
"2175",3353004,NA,1997
"2176",3355005,NA,1997
"2177",3355006,NA,1997
"2178",3356006,NA,1997
"2179",3360002,NA,1997
"2180",3360003,NA,1997
"2181",3365004,NA,1997
"2182",3365005,NA,1997
"2183",3367003,NA,1997
"2184",3367004,NA,1997
"2185",3368007,NA,1997
"2186",3368008,NA,1997
"2187",3369004,NA,1997
"2188",3369007,NA,1997
"2189",3371004,NA,1997
"2190",3371005,NA,1997
"2191",3372007,NA,1997
"2192",3372008,NA,1997
"2193",3373003,3100,1997
"2194",3373004,NA,1997
"2195",3374005,NA,1997
"2196",3375005,NA,1997
"2197",3375006,NA,1997
"2198",3376006,NA,1997
"2199",3376007,NA,1997
"2200",3378003,NA,1997
"2201",3378004,NA,1997
"2202",3380004,3100,1997
"2203",3380005,NA,1997
"2204",3382003,NA,1997
"2205",3382004,NA,1997
"2206",3386003,NA,1997
"2207",3386004,NA,1997
"2208",3387003,NA,1997
"2209",3389003,NA,1997
"2210",3390003,NA,1997
"2211",3396004,NA,1997
"2212",3397003,NA,1997
"2213",3397007,NA,1997
"2214",3403005,NA,1997
"2215",3403006,NA,1997
"2216",3404003,NA,1997
"2217",3404004,NA,1997
"2218",3407003,NA,1997
"2219",3407004,NA,1997
"2220",3408004,NA,1997
"2221",3409003,NA,1997
"2222",3409004,NA,1997
"2223",3413005,NA,1997
"2224",3416003,NA,1997
"2225",3417003,NA,1997
"2226",3420004,NA,1997
"2227",3420005,NA,1997
"2228",3422003,NA,1997
"2229",3422004,NA,1997
"2230",3425004,NA,1997
"2231",3427004,3400,1997
"2232",3427005,NA,1997
"2233",3429004,NA,1997
"2234",3429005,NA,1997
"2235",3437003,NA,1997
"2236",3437007,NA,1997
"2237",3441003,NA,1997
"2238",3441005,NA,1997
"2239",5012038,NA,1997
"2240",5012039,NA,1997
"2241",5012177,NA,1997
"2242",5014035,NA,1997
"2243",5014040,NA,1997
"2244",5015034,NA,1997
"2245",5015035,NA,1997
"2246",5015036,NA,1997
"2247",5015177,NA,1997
"2248",5016033,NA,1997
"2249",5016034,NA,1997
"2250",5017032,NA,1997
"2251",5017175,NA,1997
"2252",5018033,NA,1997
"2253",5018034,NA,1997
"2254",5031038,NA,1997
"2255",5031039,NA,1997
"2256",5031040,NA,1997
"2257",5031041,NA,1997
"2258",5031042,NA,1997
"2259",5031043,NA,1997
"2260",5031044,NA,1997
"2261",5031046,NA,1997
"2262",5031050,NA,1997
"2263",5031052,NA,1997
"2264",5034040,NA,1997
"2265",5034042,4868,1997
"2266",5034043,NA,1997
"2267",5035031,NA,1997
"2268",5036031,NA,1997
"2269",5037034,NA,1997
"2270",5037185,NA,1997
"2271",5040033,NA,1997
"2272",5040181,NA,1997
"2273",5045033,NA,1997
"2274",5046176,NA,1997
"2275",5046177,2250,1997
"2276",5047031,NA,1997
"2277",5047032,NA,1997
"2278",5048039,NA,1997
"2279",5048041,NA,1997
"2280",5048045,NA,1997
"2281",5048046,NA,1997
"2282",5052048,NA,1997
"2283",5052049,NA,1997
"2284",5052050,NA,1997
"2285",5052051,NA,1997
"2286",5052052,NA,1997
"2287",5052192,NA,1997
"2288",5055037,3000,1997
"2289",5055038,6000,1997
"2290",5055042,NA,1997
"2291",5055043,NA,1997
"2292",5055044,NA,1997
"2293",5055176,5500,1997
"2294",5057038,NA,1997
"2295",5057041,NA,1997
"2296",5057042,5700,1997
"2297",5057044,NA,1997
"2298",5057045,NA,1997
"2299",5057047,NA,1997
"2300",5057196,NA,1997
"2301",5057197,NA,1997
"2302",5057198,NA,1997
"2303",5061034,NA,1997
"2304",5061035,NA,1997
"2305",5065037,NA,1997
"2306",5065038,NA,1997
"2307",5065039,NA,1997
"2308",5065040,NA,1997
"2309",5065043,NA,1997
"2310",5065045,NA,1997
"2311",5065046,NA,1997
"2312",5066037,NA,1997
"2313",5066039,NA,1997
"2314",5066040,NA,1997
"2315",5066041,NA,1997
"2316",5066181,NA,1997
"2317",5067035,NA,1997
"2318",5067036,NA,1997
"2319",5069037,NA,1997
"2320",5069038,NA,1997
"2321",5070175,5400,1997
"2322",5071035,5000,1997
"2323",5071036,NA,1997
"2324",5082030,NA,1997
"2325",5120030,NA,1997
"2326",5120031,NA,1997
"2327",5120032,NA,1997
"2328",5120033,NA,1997
"2329",5126035,NA,1997
"2330",5133033,NA,1997
"2331",5133034,NA,1997
"2332",5133035,NA,1997
"2333",5136039,NA,1997
"2334",5136040,NA,1997
"2335",5136041,NA,1997
"2336",5136042,NA,1997
"2337",5136043,NA,1997
"2338",5136180,NA,1997
"2339",5136181,NA,1997
"2340",5136183,NA,1997
"2341",5142033,NA,1997
"2342",5142034,NA,1997
"2343",5142035,NA,1997
"2344",5145034,NA,1997
"2345",5145035,NA,1997
"2346",5145176,NA,1997
"2347",5145177,NA,1997
"2348",5154039,NA,1997
"2349",5154041,NA,1997
"2350",5154044,NA,1997
"2351",5154045,NA,1997
"2352",5154046,NA,1997
"2353",5163032,NA,1997
"2354",5164032,4000,1997
"2355",5164034,NA,1997
"2356",5170038,NA,1997
"2357",5170040,NA,1997
"2358",5170041,NA,1997
"2359",5170042,NA,1997
"2360",5170043,NA,1997
"2361",5170185,NA,1997
"2362",5171032,NA,1997
"2363",5177033,5705.88,1997
"2364",5177035,NA,1997
"2365",5177036,NA,1997
"2366",5180032,4300,1997
"2367",5182040,NA,1997
"2368",5182041,NA,1997
"2369",5182042,NA,1997
"2370",5182043,NA,1997
"2371",5182044,NA,1997
"2372",5182045,NA,1997
"2373",5182046,NA,1997
"2374",5182047,NA,1997
"2375",5182048,NA,1997
"2376",5199035,NA,1997
"2377",5215032,NA,1997
"2378",5215033,NA,1997
"2379",5216171,NA,1997
"2380",5219035,NA,1997
"2381",5219193,NA,1997
"2382",5230039,NA,1997
"2383",5230041,NA,1997
"2384",5230042,NA,1997
"2385",5230196,NA,1997
"2386",5230197,NA,1997
"2387",5234030,NA,1997
"2388",5234031,NA,1997
"2389",5241172,NA,1997
"2390",5259039,NA,1997
"2391",5264031,NA,1997
"2392",5264032,NA,1997
"2393",5274031,NA,1997
"2394",5274032,NA,1997
"2395",5281032,NA,1997
"2396",5287032,NA,1997
"2397",5287034,NA,1997
"2398",5287035,NA,1997
"2399",5287036,NA,1997
"2400",5287186,NA,1997
"2401",5287193,NA,1997
"2402",5287194,NA,1997
"2403",5290034,4115,1997
"2404",5290185,NA,1997
"2405",5292039,4795.95,1997
"2406",5292040,NA,1997
"2407",5292043,NA,1997
"2408",5299040,NA,1997
"2409",5299041,NA,1997
"2410",5299042,3947,1997
"2411",5299043,NA,1997
"2412",5299047,NA,1997
"2413",5299050,NA,1997
"2414",5299055,NA,1997
"2415",5299056,NA,1997
"2416",5299057,NA,1997
"2417",5299058,NA,1997
"2418",5299177,NA,1997
"2419",5299178,NA,1997
"2420",5302037,NA,1997
"2421",5302182,NA,1997
"2422",5305034,NA,1997
"2423",5305035,NA,1997
"2424",5305036,NA,1997
"2425",5305037,NA,1997
"2426",5306032,NA,1997
"2427",5306033,NA,1997
"2428",5306173,NA,1997
"2429",5308032,NA,1997
"2430",5308033,NA,1997
"2431",5314032,5000,1997
"2432",5314034,1400,1997
"2433",5314035,NA,1997
"2434",5314036,NA,1997
"2435",5314037,NA,1997
"2436",5314038,NA,1997
"2437",5315034,6324,1997
"2438",5315036,6324,1997
"2439",5321033,NA,1997
"2440",5323030,NA,1997
"2441",5332041,NA,1997
"2442",5332042,NA,1997
"2443",5332043,NA,1997
"2444",5332187,NA,1997
"2445",5335035,NA,1997
"2446",5335036,NA,1997
"2447",5336030,NA,1997
"2448",5343179,NA,1997
"2449",5343180,NA,1997
"2450",5348032,NA,1997
"2451",5348033,NA,1997
"2452",5348034,NA,1997
"2453",5350037,NA,1997
"2454",5350039,NA,1997
"2455",5350178,NA,1997
"2456",5363032,NA,1997
"2457",5363033,NA,1997
"2458",5363034,NA,1997
"2459",5363035,NA,1997
"2460",5366047,NA,1997
"2461",5366048,NA,1997
"2462",5366049,NA,1997
"2463",5366193,NA,1997
"2464",5366195,NA,1997
"2465",5375030,NA,1997
"2466",5379032,4276,1997
"2467",5379033,4276,1997
"2468",5381032,NA,1997
"2469",5392035,NA,1997
"2470",5392038,NA,1997
"2471",5392039,NA,1997
"2472",5392040,NA,1997
"2473",5393036,NA,1997
"2474",5393037,NA,1997
"2475",5393038,NA,1997
"2476",5393179,NA,1997
"2477",5395035,NA,1997
"2478",5395037,NA,1997
"2479",5396034,NA,1997
"2480",5397033,NA,1997
"2481",5397034,NA,1997
"2482",5397036,NA,1997
"2483",5403030,35,1997
"2484",5403174,NA,1997
"2485",5406033,NA,1997
"2486",5406176,NA,1997
"2487",5416035,NA,1997
"2488",5417182,NA,1997
"2489",5417183,NA,1997
"2490",5424033,NA,1997
"2491",5424034,NA,1997
"2492",5425033,NA,1997
"2493",5425034,NA,1997
"2494",5429031,NA,1997
"2495",5429032,NA,1997
"2496",5429033,NA,1997
"2497",5429035,NA,1997
"2498",5430043,NA,1997
"2499",5430044,NA,1997
"2500",5430045,35,1997
"2501",5430046,NA,1997
"2502",5430047,NA,1997
"2503",5430050,NA,1997
"2504",5430052,NA,1997
"2505",5430053,NA,1997
"2506",5430184,NA,1997
"2507",5430195,NA,1997
"2508",5430196,35,1997
"2509",5430197,NA,1997
"2510",5430198,NA,1997
"2511",5440032,NA,1997
"2512",5440033,NA,1997
"2513",5442174,NA,1997
"2514",5442175,NA,1997
"2515",5442177,NA,1997
"2516",5442178,NA,1997
"2517",5443037,NA,1997
"2518",5446032,NA,1997
"2519",5447032,NA,1997
"2520",5447033,NA,1997
"2521",5447034,NA,1997
"2522",5449033,NA,1997
"2523",5449034,NA,1997
"2524",5451030,NA,1997
"2525",5458035,NA,1997
"2526",5458036,NA,1997
"2527",5458037,NA,1997
"2528",5458173,NA,1997
"2529",5459032,NA,1997
"2530",5462031,NA,1997
"2531",5462032,NA,1997
"2532",5462033,NA,1997
"2533",5462034,15,1997
"2534",5462035,NA,1997
"2535",5462036,NA,1997
"2536",5463040,NA,1997
"2537",5463041,NA,1997
"2538",5463044,NA,1997
"2539",5463045,NA,1997
"2540",5463180,NA,1997
"2541",5464040,NA,1997
"2542",5464041,350,1997
"2543",5464042,NA,1997
"2544",5464043,NA,1997
"2545",5464183,NA,1997
"2546",5476030,NA,1997
"2547",5478032,NA,1997
"2548",5478033,NA,1997
"2549",5478034,NA,1997
"2550",5479031,6000,1997
"2551",5488031,NA,1997
"2552",5491033,NA,1997
"2553",5491034,NA,1997
"2554",5493039,NA,1997
"2555",5493042,NA,1997
"2556",5495032,NA,1997
"2557",5495033,NA,1997
"2558",5495034,NA,1997
"2559",5495176,NA,1997
"2560",5499032,NA,1997
"2561",5499033,NA,1997
"2562",5499036,NA,1997
"2563",5501039,NA,1997
"2564",5501041,3648,1997
"2565",5501044,NA,1997
"2566",5501182,NA,1997
"2567",5503032,NA,1997
"2568",5503176,NA,1997
"2569",5503185,NA,1997
"2570",5521171,NA,1997
"2571",5526044,NA,1997
"2572",5526046,NA,1997
"2573",5526047,NA,1997
"2574",5526048,2375,1997
"2575",5526049,33,1997
"2576",5526196,NA,1997
"2577",5526197,NA,1997
"2578",5527031,NA,1997
"2579",5534032,NA,1997
"2580",5537037,NA,1997
"2581",5537038,NA,1997
"2582",5537039,NA,1997
"2583",5537041,NA,1997
"2584",5537042,NA,1997
"2585",5537044,NA,1997
"2586",5537180,NA,1997
"2587",5539036,NA,1997
"2588",5539037,NA,1997
"2589",5539038,NA,1997
"2590",5539039,NA,1997
"2591",5539040,NA,1997
"2592",5539184,NA,1997
"2593",5539187,NA,1997
"2594",5539191,NA,1997
"2595",5542032,NA,1997
"2596",5547035,NA,1997
"2597",5547040,NA,1997
"2598",5547041,NA,1997
"2599",5548036,NA,1997
"2600",5548037,NA,1997
"2601",5548038,NA,1997
"2602",5548042,NA,1997
"2603",5549033,NA,1997
"2604",5549034,NA,1997
"2605",5549036,NA,1997
"2606",5553031,2800,1997
"2607",5559034,NA,1997
"2608",5559036,NA,1997
"2609",5559037,NA,1997
"2610",5560040,NA,1997
"2611",5560041,NA,1997
"2612",5560042,NA,1997
"2613",5562032,NA,1997
"2614",5565176,NA,1997
"2615",5569038,NA,1997
"2616",5569039,NA,1997
"2617",5569180,NA,1997
"2618",5569181,NA,1997
"2619",5569183,NA,1997
"2620",5569197,NA,1997
"2621",5569198,NA,1997
"2622",5570041,78.72,1997
"2623",5570042,5188.71,1997
"2624",5570043,5188.71,1997
"2625",5570044,NA,1997
"2626",5570047,NA,1997
"2627",5570189,NA,1997
"2628",5570200,NA,1997
"2629",5570201,NA,1997
"2630",5570204,NA,1997
"2631",5573041,NA,1997
"2632",5573042,NA,1997
"2633",5573043,NA,1997
"2634",5573044,NA,1997
"2635",5576037,NA,1997
"2636",5576038,3431.69,1997
"2637",5576041,NA,1997
"2638",5576176,NA,1997
"2639",5584033,NA,1997
"2640",5592031,NA,1997
"2641",5592032,NA,1997
"2642",5592033,NA,1997
"2643",5592177,NA,1997
"2644",5592179,NA,1997
"2645",5600030,NA,1997
"2646",5600032,NA,1997
"2647",5608030,NA,1997
"2648",5608031,NA,1997
"2649",5610031,NA,1997
"2650",5610032,NA,1997
"2651",5610033,NA,1997
"2652",5610034,NA,1997
"2653",5612037,NA,1997
"2654",5612039,NA,1997
"2655",5612040,NA,1997
"2656",5612041,NA,1997
"2657",5612042,NA,1997
"2658",5613041,NA,1997
"2659",5613043,5188.71,1997
"2660",5613044,NA,1997
"2661",5613045,NA,1997
"2662",5613046,NA,1997
"2663",5613048,NA,1997
"2664",5613049,NA,1997
"2665",5613191,5188.71,1997
"2666",5614034,NA,1997
"2667",5614036,NA,1997
"2668",5614037,NA,1997
"2669",5614038,NA,1997
"2670",5614180,NA,1997
"2671",5615037,NA,1997
"2672",5615038,NA,1997
"2673",5615182,NA,1997
"2674",5619037,1800,1997
"2675",5619038,NA,1997
"2676",5619039,18,1997
"2677",5621031,2000,1997
"2678",5621032,3800,1997
"2679",5621033,NA,1997
"2680",5621034,NA,1997
"2681",5623046,NA,1997
"2682",5623047,NA,1997
"2683",5623048,NA,1997
"2684",5623049,NA,1997
"2685",5623053,NA,1997
"2686",5623054,NA,1997
"2687",5623055,NA,1997
"2688",5625032,NA,1997
"2689",5626034,35,1997
"2690",5626035,NA,1997
"2691",5628033,NA,1997
"2692",5628035,18,1997
"2693",5628037,NA,1997
"2694",5628041,NA,1997
"2695",5628175,NA,1997
"2696",5628183,NA,1997
"2697",5635039,NA,1997
"2698",5635043,NA,1997
"2699",5635180,NA,1997
"2700",5635183,NA,1997
"2701",5635192,NA,1997
"2702",5640033,NA,1997
"2703",5640035,NA,1997
"2704",5641037,NA,1997
"2705",5641038,NA,1997
"2706",5642032,NA,1997
"2707",5643030,NA,1997
"2708",5643031,NA,1997
"2709",5646035,NA,1997
"2710",5646038,NA,1997
"2711",5653033,NA,1997
"2712",5653034,NA,1997
"2713",5655035,NA,1997
"2714",5655037,NA,1997
"2715",5655040,NA,1997
"2716",5656044,NA,1997
"2717",5656045,NA,1997
"2718",5660030,NA,1997
"2719",5660031,NA,1997
"2720",5663046,5700,1997
"2721",5663047,3300,1997
"2722",5663048,NA,1997
"2723",5663049,NA,1997
"2724",5663050,NA,1997
"2725",5663052,NA,1997
"2726",5663053,NA,1997
"2727",5664032,NA,1997
"2728",5664033,NA,1997
"2729",5676034,NA,1997
"2730",5677040,NA,1997
"2731",5677043,NA,1997
"2732",5678034,NA,1997
"2733",5678036,NA,1997
"2734",5678037,NA,1997
"2735",5678038,NA,1997
"2736",5678039,NA,1997
"2737",5678041,NA,1997
"2738",5680031,NA,1997
"2739",5680032,NA,1997
"2740",5680033,NA,1997
"2741",5680034,NA,1997
"2742",5681041,NA,1997
"2743",5681042,NA,1997
"2744",5683041,NA,1997
"2745",5683042,NA,1997
"2746",5683043,NA,1997
"2747",5683183,NA,1997
"2748",5684038,NA,1997
"2749",5684039,6500,1997
"2750",5684040,NA,1997
"2751",5684041,NA,1997
"2752",5684198,NA,1997
"2753",5684201,NA,1997
"2754",5689198,NA,1997
"2755",5693042,NA,1997
"2756",5693049,NA,1997
"2757",5693196,NA,1997
"2758",5693204,NA,1997
"2759",5698034,NA,1997
"2760",5698170,NA,1997
"2761",5706039,NA,1997
"2762",5706040,NA,1997
"2763",5706208,NA,1997
"2764",5706209,NA,1997
"2765",5714032,NA,1997
"2766",5714033,NA,1997
"2767",5715033,NA,1997
"2768",5715035,NA,1997
"2769",5748035,NA,1997
"2770",5748036,NA,1997
"2771",5749044,NA,1997
"2772",5749046,NA,1997
"2773",5749047,NA,1997
"2774",5749048,NA,1997
"2775",5750033,NA,1997
"2776",5770031,NA,1997
"2777",5771030,NA,1997
"2778",5774032,32,1997
"2779",5774033,NA,1997
"2780",5780031,1950,1997
"2781",5784032,NA,1997
"2782",5784037,NA,1997
"2783",5801033,NA,1997
"2784",5801034,NA,1997
"2785",5801035,NA,1997
"2786",5812046,NA,1997
"2787",5812047,NA,1997
"2788",5812048,NA,1997
"2789",5812050,4758.63,1997
"2790",5812051,NA,1997
"2791",5812052,NA,1997
"2792",5812053,NA,1997
"2793",5812054,NA,1997
"2794",5812057,NA,1997
"2795",5812059,NA,1997
"2796",5812060,NA,1997
"2797",5812061,NA,1997
"2798",5812207,NA,1997
"2799",5813034,NA,1997
"2800",5813035,NA,1997
"2801",5814039,NA,1997
"2802",5814040,NA,1997
"2803",5814184,NA,1997
"2804",5814185,NA,1997
"2805",5814186,NA,1997
"2806",5819034,NA,1997
"2807",5820034,NA,1997
"2808",5820035,NA,1997
"2809",5821030,NA,1997
"2810",5821173,NA,1997
"2811",5821174,NA,1997
"2812",5825030,NA,1997
"2813",5825031,NA,1997
"2814",5826036,25,1997
"2815",5831177,NA,1997
"2816",5832030,NA,1997
"2817",5834034,NA,1997
"2818",5834184,NA,1997
"2819",5835036,NA,1997
"2820",5835181,NA,1997
"2821",5841035,NA,1997
"2822",5841038,NA,1997
"2823",5849043,NA,1997
"2824",5849047,NA,1997
"2825",5853044,NA,1997
"2826",5853194,NA,1997
"2827",5858037,NA,1997
"2828",5858038,NA,1997
"2829",5858039,NA,1997
"2830",5858188,NA,1997
"2831",5861034,4500,1997
"2832",5861035,4500,1997
"2833",5863038,NA,1997
"2834",5863039,NA,1997
"2835",5863040,NA,1997
"2836",5863044,NA,1997
"2837",5864178,NA,1997
"2838",5864179,NA,1997
"2839",5871030,NA,1997
"2840",5871171,2470,1997
"2841",5872037,NA,1997
"2842",5872038,NA,1997
"2843",5872040,NA,1997
"2844",5872041,NA,1997
"2845",5874179,NA,1997
"2846",5875172,NA,1997
"2847",5876032,NA,1997
"2848",5876033,NA,1997
"2849",5885033,NA,1997
"2850",5897031,NA,1997
"2851",5897032,6000,1997
"2852",5898034,NA,1997
"2853",5898037,NA,1997
"2854",5899031,NA,1997
"2855",5899032,NA,1997
"2856",5900035,NA,1997
"2857",5900036,6000,1997
"2858",5900037,NA,1997
"2859",5900039,NA,1997
"2860",5900040,NA,1997
"2861",5900175,NA,1997
"2862",5901038,NA,1997
"2863",5901040,NA,1997
"2864",5901041,NA,1997
"2865",5901042,NA,1997
"2866",5901043,NA,1997
"2867",5903033,NA,1997
"2868",5904044,NA,1997
"2869",5904045,NA,1997
"2870",5904048,NA,1997
"2871",5904049,NA,1997
"2872",5904050,NA,1997
"2873",5904052,NA,1997
"2874",5909037,NA,1997
"2875",5916037,NA,1997
"2876",5916038,NA,1997
"2877",5916039,NA,1997
"2878",5921032,NA,1997
"2879",5922039,NA,1997
"2880",5922040,NA,1997
"2881",5922043,NA,1997
"2882",5922204,NA,1997
"2883",5922205,NA,1997
"2884",5922206,NA,1997
"2885",5922208,NA,1997
"2886",5925041,NA,1997
"2887",5925176,NA,1997
"2888",5926031,NA,1997
"2889",5926032,NA,1997
"2890",5926033,NA,1997
"2891",5926034,NA,1997
"2892",5926036,NA,1997
"2893",5926172,NA,1997
"2894",5938033,NA,1997
"2895",5938034,NA,1997
"2896",5940032,NA,1997
"2897",5942037,NA,1997
"2898",5942038,NA,1997
"2899",5942174,NA,1997
"2900",5947034,NA,1997
"2901",5959036,NA,1997
"2902",5960042,NA,1997
"2903",5960043,NA,1997
"2904",5960044,NA,1997
"2905",5960045,NA,1997
"2906",5960047,NA,1997
"2907",5960048,NA,1997
"2908",5964030,NA,1997
"2909",5964032,NA,1997
"2910",5965037,NA,1997
"2911",5965185,NA,1997
"2912",5968033,NA,1997
"2913",5968034,NA,1997
"2914",5969034,NA,1997
"2915",5977035,1200,1997
"2916",5984034,3000,1997
"2917",5984035,NA,1997
"2918",5987035,NA,1997
"2919",5987036,NA,1997
"2920",5987192,NA,1997
"2921",5990035,NA,1997
"2922",5990036,NA,1997
"2923",5990037,NA,1997
"2924",5990177,NA,1997
"2925",5990178,NA,1997
"2926",5990180,5583,1997
"2927",5991031,NA,1997
"2928",5991032,NA,1997
"2929",5991033,NA,1997
"2930",5991034,NA,1997
"2931",5994032,NA,1997
"2932",5995032,NA,1997
"2933",5995033,NA,1997
"2934",5995034,NA,1997
"2935",5995038,NA,1997
"2936",5995040,NA,1997
"2937",5995042,NA,1997
"2938",5995043,NA,1997
"2939",5995044,NA,1997
"2940",5998034,NA,1997
"2941",6023033,NA,1997
"2942",6023035,NA,1997
"2943",6024033,NA,1997
"2944",6024034,NA,1997
"2945",6024035,NA,1997
"2946",6028043,NA,1997
"2947",6028180,2000,1997
"2948",6028181,2000,1997
"2949",6030034,NA,1997
"2950",6030036,NA,1997
"2951",6030037,NA,1997
"2952",6030038,7000,1997
"2953",6040035,NA,1997
"2954",6040036,NA,1997
"2955",6041035,NA,1997
"2956",6041036,NA,1997
"2957",6041039,NA,1997
"2958",6041173,NA,1997
"2959",6041174,NA,1997
"2960",6051183,NA,1997
"2961",6051185,NA,1997
"2962",6053034,NA,1997
"2963",6053035,NA,1997
"2964",6053037,NA,1997
"2965",6053039,NA,1997
"2966",6054032,NA,1997
"2967",6054033,NA,1997
"2968",6060030,7000,1997
"2969",6060031,NA,1997
"2970",6064037,NA,1997
"2971",6064038,NA,1997
"2972",6066030,NA,1997
"2973",6066031,NA,1997
"2974",6069171,NA,1997
"2975",6073033,NA,1997
"2976",6073034,NA,1997
"2977",6073036,NA,1997
"2978",6073037,NA,1997
"2979",6077176,NA,1997
"2980",6086030,NA,1997
"2981",6086031,NA,1997
"2982",6088034,8000,1997
"2983",6093036,NA,1997
"2984",6093038,NA,1997
"2985",6093039,NA,1997
"2986",6093040,NA,1997
"2987",6093041,NA,1997
"2988",6093042,NA,1997
"2989",6095034,NA,1997
"2990",6103037,NA,1997
"2991",6103038,NA,1997
"2992",6103039,NA,1997
"2993",6103040,NA,1997
"2994",6103041,NA,1997
"2995",6103043,NA,1997
"2996",6103180,NA,1997
"2997",6107043,1000,1997
"2998",6107045,NA,1997
"2999",6107047,NA,1997
"3000",6108032,18,1997
"3001",6110040,18,1997
"3002",6110041,NA,1997
"3003",6110042,3700,1997
"3004",6110044,NA,1997
"3005",6110045,NA,1997
"3006",6110046,NA,1997
"3007",6110047,NA,1997
"3008",6111033,NA,1997
"3009",6111034,NA,1997
"3010",6112035,NA,1997
"3011",6112036,NA,1997
"3012",6112192,NA,1997
"3013",6114048,NA,1997
"3014",6114049,NA,1997
"3015",6114050,NA,1997
"3016",6114053,NA,1997
"3017",6114054,NA,1997
"3018",6114055,NA,1997
"3019",6114189,NA,1997
"3020",6114193,NA,1997
"3021",6115049,NA,1997
"3022",6115052,NA,1997
"3023",6115053,NA,1997
"3024",6115054,NA,1997
"3025",6120196,NA,1997
"3026",6121044,NA,1997
"3027",6121047,NA,1997
"3028",6121048,NA,1997
"3029",6121050,NA,1997
"3030",6121052,NA,1997
"3031",6121056,NA,1997
"3032",6121057,NA,1997
"3033",6121059,NA,1997
"3034",6121060,NA,1997
"3035",6121061,NA,1997
"3036",6121188,NA,1997
"3037",6121198,NA,1997
"3038",6125031,NA,1997
"3039",6125036,NA,1997
"3040",6125189,NA,1997
"3041",6127038,NA,1997
"3042",6127039,NA,1997
"3043",6129036,NA,1997
"3044",6133180,NA,1997
"3045",6133181,NA,1997
"3046",6145037,NA,1997
"3047",6150033,NA,1997
"3048",6150034,2254,1997
"3049",6152030,NA,1997
"3050",6153031,NA,1997
"3051",6154033,NA,1997
"3052",6156182,NA,1997
"3053",6157031,NA,1997
"3054",6159033,NA,1997
"3055",6159034,NA,1997
"3056",6159035,NA,1997
"3057",6159038,NA,1997
"3058",6159173,NA,1997
"3059",6161031,NA,1997
"3060",6161032,NA,1997
"3061",6161033,NA,1997
"3062",6161034,NA,1997
"3063",6161178,NA,1997
"3064",6165037,NA,1997
"3065",6166053,NA,1997
"3066",6166054,NA,1997
"3067",6166055,NA,1997
"3068",6166057,NA,1997
"3069",6166058,NA,1997
"3070",6166059,NA,1997
"3071",6166060,NA,1997
"3072",6166062,NA,1997
"3073",6166063,NA,1997
"3074",6166177,NA,1997
"3075",6166179,NA,1997
"3076",6170033,NA,1997
"3077",6170034,NA,1997
"3078",6171033,NA,1997
"3079",6172180,NA,1997
"3080",6179038,NA,1997
"3081",6179040,NA,1997
"3082",6179041,NA,1997
"3083",6179174,3500,1997
"3084",6183170,NA,1997
"3085",6187035,NA,1997
"3086",6187036,NA,1997
"3087",6187037,NA,1997
"3088",6187038,NA,1997
"3089",6187040,NA,1997
"3090",6187178,4265,1997
"3091",6187179,NA,1997
"3092",6191030,64.45,1997
"3093",6191031,NA,1997
"3094",6200034,NA,1997
"3095",6200038,NA,1997
"3096",6200039,NA,1997
"3097",6200040,NA,1997
"3098",6200041,NA,1997
"3099",6203035,NA,1997
"3100",6203038,NA,1997
"3101",6203182,NA,1997
"3102",6203183,NA,1997
"3103",6203185,NA,1997
"3104",6203186,NA,1997
"3105",6205038,NA,1997
"3106",6205040,NA,1997
"3107",6205041,NA,1997
"3108",6205042,NA,1997
"3109",6205182,NA,1997
"3110",6205193,NA,1997
"3111",6210035,NA,1997
"3112",6210036,NA,1997
"3113",6210037,NA,1997
"3114",6210040,NA,1997
"3115",6212035,4200,1997
"3116",6212036,4200,1997
"3117",6212037,5221,1997
"3118",6212038,5257,1997
"3119",6216030,NA,1997
"3120",6217034,NA,1997
"3121",6217035,NA,1997
"3122",6217036,NA,1997
"3123",6227030,NA,1997
"3124",6227178,NA,1997
"3125",6228036,500,1997
"3126",6228037,NA,1997
"3127",6228177,NA,1997
"3128",6228178,NA,1997
"3129",6229031,NA,1997
"3130",6229032,NA,1997
"3131",6229033,NA,1997
"3132",6229178,NA,1997
"3133",6231036,NA,1997
"3134",6231037,NA,1997
"3135",6231040,NA,1997
"3136",6231041,NA,1997
"3137",6231182,NA,1997
"3138",6232039,NA,1997
"3139",6232042,NA,1997
"3140",6232046,NA,1997
"3141",6232047,NA,1997
"3142",6232048,NA,1997
"3143",6233036,NA,1997
"3144",6233037,NA,1997
"3145",6250034,NA,1997
"3146",6262034,4947,1997
"3147",6262035,NA,1997
"3148",6262036,NA,1997
"3149",6275031,NA,1997
"3150",6275033,NA,1997
"3151",6275034,NA,1997
"3152",6275035,NA,1997
"3153",6281039,NA,1997
"3154",6287041,NA,1997
"3155",6287042,NA,1997
"3156",6287043,NA,1997
"3157",6287044,NA,1997
"3158",6316031,5147.69,1997
"3159",6316032,NA,1997
"3160",6316033,NA,1997
"3161",6316172,5728,1997
"3162",6327171,2260,1997
"3163",6327172,NA,1997
"3164",6335035,NA,1997
"3165",6335036,NA,1997
"3166",6335037,NA,1997
"3167",6335038,NA,1997
"3168",6342170,NA,1997
"3169",6350032,NA,1997
"3170",6350033,NA,1997
"3171",6350034,NA,1997
"3172",6350035,NA,1997
"3173",6357034,NA,1997
"3174",6357035,NA,1997
"3175",6358037,NA,1997
"3176",6358038,NA,1997
"3177",6358041,NA,1997
"3178",6358043,NA,1997
"3179",6361030,NA,1997
"3180",6361033,NA,1997
"3181",6361034,NA,1997
"3182",6365046,NA,1997
"3183",6365048,NA,1997
"3184",6365049,NA,1997
"3185",6365050,NA,1997
"3186",6365051,NA,1997
"3187",6365052,NA,1997
"3188",6365053,NA,1997
"3189",6366031,NA,1997
"3190",6366032,NA,1997
"3191",6367036,NA,1997
"3192",6368033,NA,1997
"3193",6368034,NA,1997
"3194",6368035,NA,1997
"3195",6368180,NA,1997
"3196",6370036,NA,1997
"3197",6370037,NA,1997
"3198",6370038,NA,1997
"3199",6370039,NA,1997
"3200",6370040,NA,1997
"3201",6370041,NA,1997
"3202",6370042,NA,1997
"3203",6375033,NA,1997
"3204",6375034,NA,1997
"3205",6376034,NA,1997
"3206",6376175,NA,1997
"3207",6377035,NA,1997
"3208",6377036,NA,1997
"3209",6377037,NA,1997
"3210",6381038,NA,1997
"3211",6381040,NA,1997
"3212",6381178,NA,1997
"3213",6396030,NA,1997
"3214",6396031,NA,1997
"3215",6398031,NA,1997
"3216",6406035,NA,1997
"3217",6406037,NA,1997
"3218",6411033,3135,1997
"3219",6411034,NA,1997
"3220",6412032,NA,1997
"3221",6412033,NA,1997
"3222",6413036,NA,1997
"3223",6413037,NA,1997
"3224",6413038,NA,1997
"3225",6413039,5000,1997
"3226",6413040,NA,1997
"3227",6413042,NA,1997
"3228",6414173,NA,1997
"3229",6418036,NA,1997
"3230",6418176,NA,1997
"3231",6434030,NA,1997
"3232",6434172,NA,1997
"3233",6436046,NA,1997
"3234",6436047,NA,1997
"3235",6436048,NA,1997
"3236",6436049,NA,1997
"3237",6438032,NA,1997
"3238",6444034,NA,1997
"3239",6444035,NA,1997
"3240",6472030,NA,1997
"3241",6475037,4885,1997
"3242",6475038,NA,1997
"3243",6475040,4885,1997
"3244",6475041,NA,1997
"3245",6475042,NA,1997
"3246",6475043,NA,1997
"3247",6476035,5219,1997
"3248",6478031,NA,1997
"3249",6478045,NA,1997
"3250",6478048,4989,1997
"3251",6478052,NA,1997
"3252",6484044,5000,1997
"3253",6485036,NA,1997
"3254",6485039,4081,1997
"3255",6485041,NA,1997
"3256",6485042,NA,1997
"3257",6485178,NA,1997
"3258",6485181,NA,1997
"3259",6485183,4200,1997
"3260",6485184,NA,1997
"3261",6494035,NA,1997
"3262",6494036,NA,1997
"3263",6498033,NA,1997
"3264",6498192,NA,1997
"3265",6498193,NA,1997
"3266",6499034,NA,1997
"3267",6499039,NA,1997
"3268",6499180,NA,1997
"3269",6516033,NA,1997
"3270",6519038,NA,1997
"3271",6519040,NA,1997
"3272",6522030,NA,1997
"3273",6522032,NA,1997
"3274",6537036,NA,1997
"3275",6537037,NA,1997
"3276",6537038,NA,1997
"3277",6537039,NA,1997
"3278",6539174,NA,1997
"3279",6541031,NA,1997
"3280",6545037,NA,1997
"3281",6545039,NA,1997
"3282",6545040,NA,1997
"3283",6545041,NA,1997
"3284",6545178,NA,1997
"3285",6545180,NA,1997
"3286",6546034,NA,1997
"3287",6546036,NA,1997
"3288",6546037,NA,1997
"3289",6547032,NA,1997
"3290",6547172,NA,1997
"3291",6549030,NA,1997
"3292",6549031,NA,1997
"3293",6553030,NA,1997
"3294",6553031,NA,1997
"3295",6553032,NA,1997
"3296",6553171,NA,1997
"3297",6557031,NA,1997
"3298",6560033,NA,1997
"3299",6560181,4496,1997
"3300",6571038,NA,1997
"3301",6571177,NA,1997
"3302",6575031,NA,1997
"3303",6575032,NA,1997
"3304",6577038,NA,1997
"3305",6577039,NA,1997
"3306",6577040,NA,1997
"3307",6577041,NA,1997
"3308",6583044,NA,1997
"3309",6583045,NA,1997
"3310",6583046,NA,1997
"3311",6583047,NA,1997
"3312",6583048,NA,1997
"3313",6583049,NA,1997
"3314",6583050,NA,1997
"3315",6583051,NA,1997
"3316",6583052,NA,1997
"3317",6583200,NA,1997
"3318",6588040,NA,1997
"3319",6588041,NA,1997
"3320",6588042,NA,1997
"3321",6589034,2900,1997
"3322",6589035,3975,1997
"3323",6590039,NA,1997
"3324",6590040,NA,1997
"3325",6590041,4948,1997
"3326",6590045,NA,1997
"3327",6590046,NA,1997
"3328",6590047,NA,1997
"3329",6591036,NA,1997
"3330",6591038,NA,1997
"3331",6598034,NA,1997
"3332",6598035,NA,1997
"3333",6598036,NA,1997
"3334",6598037,NA,1997
"3335",6602032,NA,1997
"3336",6602034,NA,1997
"3337",6602035,NA,1997
"3338",6602036,21,1997
"3339",6602040,NA,1997
"3340",6602041,NA,1997
"3341",6602181,21,1997
"3342",6602192,NA,1997
"3343",6602194,NA,1997
"3344",6605033,NA,1997
"3345",6605035,NA,1997
"3346",6605036,NA,1997
"3347",6605037,NA,1997
"3348",6605038,NA,1997
"3349",6605202,NA,1997
"3350",6607180,NA,1997
"3351",6615033,NA,1997
"3352",6615036,NA,1997
"3353",6616033,NA,1997
"3354",6616034,NA,1997
"3355",6616035,NA,1997
"3356",6616036,NA,1997
"3357",6616177,NA,1997
"3358",6616181,NA,1997
"3359",6616183,NA,1997
"3360",6624034,1700,1997
"3361",6625033,NA,1997
"3362",6625034,NA,1997
"3363",6625035,NA,1997
"3364",6625175,NA,1997
"3365",6626032,NA,1997
"3366",6626034,NA,1997
"3367",6626035,NA,1997
"3368",6626036,NA,1997
"3369",6626037,NA,1997
"3370",6626038,NA,1997
"3371",6626039,NA,1997
"3372",6633036,NA,1997
"3373",6633037,NA,1997
"3374",6635042,6200,1997
"3375",6635044,6200,1997
"3376",6635050,NA,1997
"3377",6635052,NA,1997
"3378",6635053,NA,1997
"3379",6638035,NA,1997
"3380",6646037,NA,1997
"3381",6646038,NA,1997
"3382",6646039,NA,1997
"3383",6646040,NA,1997
"3384",6646179,NA,1997
"3385",6649034,NA,1997
"3386",6649035,NA,1997
"3387",6655035,3996,1997
"3388",6655036,3600,1997
"3389",6655037,NA,1997
"3390",6655038,NA,1997
"3391",6655039,NA,1997
"3392",6657031,NA,1997
"3393",6657032,NA,1997
"3394",6657033,NA,1997
"3395",6660031,NA,1997
"3396",6660032,NA,1997
"3397",6664031,NA,1997
"3398",6664032,NA,1997
"3399",6664033,NA,1997
"3400",6664173,NA,1997
"3401",6674032,NA,1997
"3402",6674175,NA,1997
"3403",6680030,NA,1997
"3404",6682033,NA,1997
"3405",6682175,NA,1997
"3406",6684033,NA,1997
"3407",6684034,NA,1997
"3408",6684035,NA,1997
"3409",6684036,90,1997
"3410",6684038,NA,1997
"3411",6684040,NA,1997
"3412",6684041,NA,1997
"3413",6684042,NA,1997
"3414",6694032,NA,1997
"3415",6698033,NA,1997
"3416",6699032,NA,1997
"3417",6706034,NA,1997
"3418",6706037,NA,1997
"3419",6706038,NA,1997
"3420",6706195,NA,1997
"3421",6707033,300,1997
"3422",6707034,NA,1997
"3423",6710034,NA,1997
"3424",6710035,NA,1997
"3425",6714171,NA,1997
"3426",6716031,NA,1997
"3427",6716032,NA,1997
"3428",6716174,NA,1997
"3429",6721032,NA,1997
"3430",6721034,NA,1997
"3431",6722031,NA,1997
"3432",6724034,NA,1997
"3433",6724035,NA,1997
"3434",6724036,NA,1997
"3435",6724037,NA,1997
"3436",6724039,NA,1997
"3437",6724040,NA,1997
"3438",6724204,NA,1997
"3439",6733034,NA,1997
"3440",6733035,NA,1997
"3441",6735038,NA,1997
"3442",6735041,30,1997
"3443",6735042,NA,1997
"3444",6735043,NA,1997
"3445",6735044,NA,1997
"3446",6735045,NA,1997
"3447",6736035,NA,1997
"3448",6736036,NA,1997
"3449",6736037,NA,1997
"3450",6736038,NA,1997
"3451",6736039,NA,1997
"3452",6736040,NA,1997
"3453",6738034,NA,1997
"3454",6738181,NA,1997
"3455",6738182,5374,1997
"3456",6740033,5110,1997
"3457",6740034,NA,1997
"3458",6740035,NA,1997
"3459",6750034,NA,1997
"3460",6750035,NA,1997
"3461",6750036,NA,1997
"3462",6750037,NA,1997
"3463",6750184,3100,1997
"3464",6750185,NA,1997
"3465",6765032,NA,1997
"3466",6765033,NA,1997
"3467",6765034,NA,1997
"3468",6765035,NA,1997
"3469",6765036,NA,1997
"3470",6765037,NA,1997
"3471",6769038,4000,1997
"3472",6769039,4000,1997
"3473",6769040,4000,1997
"3474",6779037,NA,1997
"3475",6779038,NA,1997
"3476",6780174,NA,1997
"3477",6784193,NA,1997
"3478",6785033,NA,1997
"3479",6785037,NA,1997
"3480",6785038,NA,1997
"3481",6788034,NA,1997
"3482",6788035,NA,1997
"3483",6789032,NA,1997
"3484",6790035,NA,1997
"3485",6790036,NA,1997
"3486",6790037,NA,1997
"3487",6793036,NA,1997
"3488",6793037,NA,1997
"3489",6793038,NA,1997
"3490",6793040,NA,1997
"3491",6800038,NA,1997
"3492",6801033,20,1997
"3493",6801038,NA,1997
"3494",6801039,NA,1997
"3495",6801040,NA,1997
"3496",6801185,NA,1997
"3497",6801186,NA,1997
"3498",6802174,NA,1997
"3499",6802175,NA,1997
"3500",6803033,NA,1997
"3501",6816032,400,1997
"3502",6816033,400,1997
"3503",6820034,NA,1997
"3504",6820035,NA,1997
"3505",6820036,NA,1997
"3506",6820037,NA,1997
"3507",6822032,NA,1997
"3508",6822173,NA,1997
"3509",6822175,NA,1997
"3510",6822177,NA,1997
"3511",6826032,NA,1997
"3512",6826033,NA,1997
"3513",6828031,NA,1997
"3514",6828032,NA,1997
"3515",6830030,NA,1997
"3516",6830031,NA,1997
"3517",6832035,NA,1997
"3518",6832036,NA,1997
"3519",6832038,NA,1997
"3520",6832039,NA,1997
"3521",6832040,NA,1997
"3522",6832041,NA,1997
"3523",6832042,NA,1997
"3524",6832044,NA,1997
"3525",6832176,NA,1997
"3526",6832177,NA,1997
"3527",6837034,NA,1997
"3528",6838033,NA,1997
"3529",6839035,NA,1997
"3530",6839036,NA,1997
"3531",6839037,NA,1997
"3532",6840032,26,1997
"3533",6840033,NA,1997
"3534",6843032,NA,1997
"3535",6843033,NA,1997
"3536",6843034,NA,1997
"3537",6845035,NA,1997
"3538",6845037,NA,1997
"3539",6845038,NA,1997
"3540",6845039,NA,1997
"3541",6845040,NA,1997
"3542",6845041,3000,1997
"3543",6845042,NA,1997
"3544",6845043,NA,1997
"3545",6845044,NA,1997
"3546",6849031,NA,1997
"3547",6849032,NA,1997
"3548",6849033,NA,1997
"3549",6851031,NA,1997
"3550",6853032,NA,1997
"3551",6853033,NA,1997
"3552",6854173,NA,1997
"3553",6857030,NA,1997
"3554",6857184,NA,1997
"3555",6862045,NA,1997
"3556",6862047,NA,1997
"3557",6864034,NA,1997
"3558",6864035,NA,1997
"3559",6867034,15,1997
"3560",6867036,NA,1997
"3561",6867201,NA,1997
"3562",6872031,NA,1997
"3563",6872174,NA,1997
