"","KID","MID"
"1",4037,4179
"2",4038,4007
"3",4039,4031
"4",4041,4031
"5",4042,4031
"6",4043,4036
"7",4180,4179
"8",4187,4005
"9",5032,5170
"10",5033,5172
"11",6034,6172
"12",7039,7171
"13",7040,7171
"14",7041,7030
"15",7044,7030
"16",7045,7175
"17",7046,7034
"18",7047,7034
"19",10033,10177
"20",10034,10006
"21",10035,10006
"22",14030,14172
"23",14031,14172
"24",14032,14003
"25",14033,14003
"26",16033,16004
"27",18038,18170
"28",18039,18031
"29",18040,18031
"30",18041,18185
"31",18191,18190
"32",18192,18190
"33",22030,22003
"34",22031,22173
"35",22176,22175
"36",39031,39174
"37",40035,40004
"38",40038,40030
"39",40039,40030
"40",45032,45031
"41",45033,45031
"42",45034,45030
"43",47034,47004
"44",47035,47031
"45",47036,47004
"46",47037,47173
"47",47038,47173
"48",47039,47031
"49",47040,47032
"50",50032,50171
"51",50033,50171
"52",50034,50005
"53",50035,50005
"54",51031,51030
"55",51032,51030
"56",53035,53006
"57",53036,53004
"58",53038,53180
"59",53040,53180
"60",53041,53170
"61",53042,53191
"62",53205,53202
"63",60036,60032
"64",60037,60032
"65",61032,61005
"66",61034,61005
"67",61035,61172
"68",68030,68175
"69",79032,79003
"70",84033,84172
"71",84034,84177
"72",84035,84177
"73",88035,88174
"74",88036,88174
"75",89034,89003
"76",89035,89031
"77",90030,90171
"78",90031,90003
"79",90032,90003
"80",91031,91003
"81",91032,91003
"82",96031,96003
"83",96032,96003
"84",96033,96005
"85",99032,99171
"86",99033,99171
"87",105035,105004
"88",106031,106173
"89",106032,106173
"90",114033,114173
"91",114034,114170
"92",117031,117030
"93",117032,117030
"94",121030,121007
"95",121032,121170
"96",121033,121170
"97",121036,121007
"98",121037,121173
"99",122034,122170
"100",122036,122173
"101",122037,122171
"102",122174,122173
"103",126030,126003
"104",128030,128172
"105",128031,128172
"106",129040,129036
"107",129041,129035
"108",129197,129035
"109",134030,134171
"110",134031,134171
"111",138032,138031
"112",138033,138031
"113",145030,145003
"114",145031,145003
"115",151037,151171
"116",151038,151171
"117",165032,165004
"118",166033,166170
"119",172036,172034
"120",172179,172177
"121",172180,172177
"122",173035,173003
"123",173036,173005
"124",173037,173003
"125",173038,173004
"126",173039,173005
"127",173040,173004
"128",174033,174171
"129",174034,174008
"130",174036,174171
"131",174037,174006
"132",174040,174006
"133",178033,178171
"134",178034,178171
"135",180030,180171
"136",180032,180171
"137",181031,181171
"138",181032,181171
"139",189031,189004
"140",190033,190004
"141",195030,195170
"142",195031,195170
"143",200034,200170
"144",200035,200175
"145",203031,203005
"146",203033,203005
"147",209030,209170
"148",217032,217170
"149",220030,220170
"150",221032,221171
"151",228031,228172
"152",228032,228005
"153",236032,236003
"154",245034,245170
"155",246031,246003
"156",250031,250003
"157",250032,250003
"158",257037,257174
"159",257039,257174
"160",257040,257030
"161",263038,263031
"162",266031,266005
"163",266033,266005
"164",266035,266030
"165",277033,277176
"166",280032,280172
"167",280033,280172
"168",284030,284170
"169",284031,284170
"170",297048,297007
"171",302036,302174
"172",302037,302174
"173",308037,308003
"174",311032,311003
"175",311033,311003
"176",315030,315170
"177",319031,319005
"178",319032,319003
"179",321032,321004
"180",321176,321005
"181",321177,321005
"182",323032,323004
"183",323033,323004
"184",323034,323173
"185",327033,327172
"186",340031,340172
"187",340034,340172
"188",343032,343171
"189",343033,343171
"190",344031,344006
"191",344032,344006
"192",344033,344178
"193",344034,344178
"194",344186,344184
"195",350030,350003
"196",350031,350003
"197",351037,351006
"198",351038,351003
"199",351039,351173
"200",354031,354171
"201",355031,355003
"202",355032,355171
"203",355033,355171
"204",356031,356003
"205",356032,356177
"206",368032,368170
"207",374030,374005
"208",375030,375003
"209",375031,375003
"210",377030,377004
"211",377031,377004
"212",391031,391003
"213",391032,391173
"214",404033,404174
"215",404035,404174
"216",409033,409030
"217",409177,409174
"218",414038,414005
"219",414039,414003
"220",419033,419173
"221",419034,419031
"222",419035,419031
"223",419036,419030
"224",419037,419030
"225",428030,428170
"226",428032,428170
"227",432032,432031
"228",433031,433008
"229",433034,433008
"230",433037,433174
"231",433038,433175
"232",433040,433175
"233",452037,452177
"234",452038,452030
"235",452178,452177
"236",452187,452179
"237",455032,455003
"238",455033,455003
"239",455034,455030
"240",459031,459170
"241",465033,465030
"242",465034,465030
"243",473035,473004
"244",473036,473177
"245",478038,478030
"246",478039,478030
"247",478040,478036
"248",479030,479170
"249",479031,479170
"250",486030,486171
"251",486031,486170
"252",487035,487170
"253",487036,487175
"254",487176,487175
"255",490032,490172
"256",495034,495033
"257",495035,495033
"258",495036,495030
"259",495174,495173
"260",496031,496180
"261",496032,496185
"262",496183,496006
"263",496184,496006
"264",503173,503172
"265",508031,508004
"266",508032,508004
"267",508033,508175
"268",510031,510030
"269",512031,512002
"270",517030,517004
"271",517031,517004
"272",517032,517006
"273",517033,517005
"274",517034,517005
"275",534032,534031
"276",544032,544170
"277",548035,548178
"278",548036,548175
"279",548037,548182
"280",548038,548182
"281",548039,548183
"282",548040,548183
"283",548189,548176
"284",556036,556174
"285",556037,556177
"286",557176,557030
"287",557177,557030
"288",563043,563183
"289",563044,563032
"290",563045,563183
"291",563046,563032
"292",563047,563040
"293",564034,564032
"294",565031,565178
"295",565032,565004
"296",565033,565178
"297",565034,565004
"298",567177,567174
"299",569031,569004
"300",569032,569004
"301",570035,570008
"302",570036,570008
"303",573033,573004
"304",573035,573004
"305",577032,577004
"306",581172,581171
"307",581173,581171
"308",582032,582173
"309",582033,582173
"310",582034,582174
"311",593030,593004
"312",593031,593170
"313",593033,593004
"314",597035,597176
"315",597036,597176
"316",597037,597178
"317",602034,602172
"318",602035,602184
"319",605031,605003
"320",607040,607174
"321",607042,607174
"322",608186,608008
"323",610033,610173
"324",613031,613005
"325",620033,620004
"326",620035,620004
"327",620037,620006
"328",620039,620006
"329",624172,624003
"330",624173,624003
"331",625030,625172
"332",625031,625005
"333",625032,625005
"334",626044,626034
"335",626045,626003
"336",626047,626034
"337",626048,626188
"338",626189,626188
"339",628034,628030
"340",630033,630171
"341",631035,631004
"342",632176,632173
"343",632177,632173
"344",633041,633030
"345",633042,633030
"346",634031,634007
"347",634032,634007
"348",634034,634006
"349",636031,636170
"350",636033,636170
"351",639032,639175
"352",644031,644170
"353",647033,647170
"354",647034,647170
"355",649032,649030
"356",649033,649030
"357",649034,649031
"358",650178,650172
"359",652033,652171
"360",652034,652003
"361",652035,652171
"362",652037,652173
"363",654032,654030
"364",654033,654030
"365",655030,655172
"366",655031,655172
"367",656031,656004
"368",656033,656005
"369",656034,656005
"370",656035,656004
"371",664030,664008
"372",664032,664175
"373",664034,664175
"374",664035,664008
"375",672172,672003
"376",672174,672003
"377",673032,673172
"378",673033,673030
"379",673174,673172
"380",674030,674005
"381",674031,674171
"382",677034,677172
"383",677037,677182
"384",686036,686033
"385",687171,687003
"386",691030,691171
"387",691031,691170
"388",691032,691171
"389",691033,691170
"390",691034,691172
"391",691035,691172
"392",691036,691176
"393",692033,692005
"394",692038,692007
"395",692039,692007
"396",694033,694004
"397",694034,694004
"398",698034,698007
"399",698035,698007
"400",699033,699004
"401",699034,699004
"402",699035,699174
"403",699036,699174
"404",700032,700176
"405",700034,700176
"406",702032,702030
"407",704030,704003
"408",704031,704003
"409",706030,706170
"410",706171,706170
"411",706177,706005
"412",707030,707171
"413",707032,707171
"414",709038,709007
"415",709039,709007
"416",709040,709034
"417",711030,711003
"418",711031,711003
"419",712034,712004
"420",713037,713176
"421",713039,713033
"422",713184,713183
"423",717033,717176
"424",719173,719172
"425",722034,722178
"426",722035,722032
"427",725031,725177
"428",727030,727003
"429",728032,728003
"430",728033,728030
"431",729031,729171
"432",729032,729171
"433",729040,729178
"434",729041,729177
"435",729042,729178
"436",729043,729177
"437",749033,749171
"438",749034,749171
"439",749035,749173
"440",750031,750170
"441",750032,750170
"442",750033,750173
"443",750034,750174
"444",751035,751172
"445",751037,751031
"446",751038,751031
"447",751039,751030
"448",759031,759171
"449",760030,760174
"450",760172,760171
"451",760173,760171
"452",760176,760174
"453",762031,762004
"454",762174,762173
"455",762175,762173
"456",769033,769004
"457",769035,769003
"458",769036,769173
"459",769037,769173
"460",769038,769004
"461",769039,769003
"462",771031,771030
"463",771032,771030
"464",773036,773004
"465",773037,773004
"466",774031,774002
"467",774032,774002
"468",775031,775172
"469",776030,776004
"470",777031,777173
"471",779038,779005
"472",782171,782003
"473",783031,783171
"474",783032,783003
"475",794030,794170
"476",794031,794170
"477",796032,796173
"478",796033,796004
"479",796034,796004
"480",814032,814030
"481",817032,817170
"482",818030,818004
"483",818032,818004
"484",819032,819170
"485",819033,819172
"486",819034,819172
"487",821031,821170
"488",823033,823004
"489",826032,826173
"490",833035,833178
"491",833036,833189
"492",833180,833176
"493",833181,833176
"494",834034,834174
"495",834035,834174
"496",835030,835173
"497",835031,835173
"498",838030,838003
"499",838031,838003
"500",840041,840032
"501",840042,840038
"502",840043,840032
"503",840044,840190
"504",840191,840021
"505",844032,844170
"506",844033,844170
"507",844034,844172
"508",846030,846006
"509",846040,846007
"510",846043,846007
"511",846044,846170
"512",846045,846006
"513",853030,853003
"514",856033,856003
"515",856034,856004
"516",856035,856005
"517",856036,856004
"518",856038,856005
"519",857030,857174
"520",857031,857174
"521",863032,863007
"522",863033,863007
"523",863034,863006
"524",863035,863006
"525",866032,866004
"526",866033,866004
"527",868031,868173
"528",868034,868006
"529",868036,868006
"530",868037,868181
"531",875035,875176
"532",875036,875176
"533",880030,880175
"534",880031,880175
"535",880033,880174
"536",891031,891177
"537",891032,891177
"538",893031,893170
"539",893032,893170
"540",897034,897171
"541",897035,897032
"542",898033,898181
"543",898034,898181
"544",898035,898005
"545",899032,899175
"546",899033,899177
"547",908036,908006
"548",908037,908006
"549",909032,909003
"550",910036,910174
"551",913031,913173
"552",915030,915004
"553",915031,915005
"554",915032,915005
"555",915033,915172
"556",915034,915004
"557",915035,915172
"558",916036,916031
"559",916184,916170
"560",920030,920170
"561",920031,920170
"562",922031,922004
"563",922032,922170
"564",922033,922170
"565",922034,922004
"566",922035,922030
"567",922036,922005
"568",931032,931030
"569",931033,931030
"570",935030,935004
"571",935031,935003
"572",935032,935003
"573",935034,935004
"574",939033,939031
"575",941034,941004
"576",941037,941031
"577",941038,941186
"578",941039,941031
"579",941184,941003
"580",941187,941186
"581",946030,946172
"582",952032,952003
"583",961034,961005
"584",961035,961005
"585",961036,961031
"586",961037,961003
"587",961038,961003
"588",964032,964004
"589",964035,964004
"590",970032,970003
"591",970033,970171
"592",971030,971171
"593",976033,976172
"594",980030,980003
"595",980031,980003
"596",982032,982003
"597",998032,998170
"598",998033,998170
"599",999031,999170
"600",999032,999170
"601",999033,999004
"602",999034,999004
"603",1000031,1000003
"604",1000032,1000171
"605",1000033,1000003
"606",1000034,1000004
"607",1000035,1000004
"608",1013031,1013170
"609",1013032,1013007
"610",1013033,1013007
"611",1014032,1014030
"612",1028039,1028006
"613",1028040,1028006
"614",1033031,1033171
"615",1036031,1036002
"616",1037036,1037005
"617",1037037,1037005
"618",1038032,1038003
"619",1038033,1038173
"620",1043033,1043003
"621",1043034,1043003
"622",1043035,1043004
"623",1043036,1043004
"624",1043037,1043008
"625",1043038,1043008
"626",1043181,1043177
"627",1045031,1045030
"628",1047032,1047004
"629",1048034,1048006
"630",1048037,1048006
"631",1048038,1048031
"632",1048039,1048031
"633",1048184,1048004
"634",1048185,1048004
"635",1048194,1048191
"636",1048195,1048191
"637",1051042,1051038
"638",1051044,1051036
"639",1051045,1051038
"640",1055030,1055172
"641",1055032,1055172
"642",1060032,1060031
"643",1061030,1061004
"644",1061032,1061004
"645",1062031,1062004
"646",1066032,1066003
"647",1066033,1066030
"648",1066034,1066003
"649",1066035,1066030
"650",1068032,1068030
"651",1072031,1072170
"652",1072032,1072170
"653",1077031,1077003
"654",1077032,1077003
"655",1084032,1084004
"656",1084033,1084005
"657",1084035,1084175
"658",1088037,1088178
"659",1088038,1088178
"660",1090032,1090004
"661",1090173,1090171
"662",1092032,1092003
"663",1092033,1092004
"664",1092034,1092003
"665",1092035,1092004
"666",1093031,1093003
"667",1093032,1093030
"668",1093033,1093030
"669",1093034,1093003
"670",1096033,1096174
"671",1098032,1098030
"672",1098033,1098030
"673",1100031,1100004
"674",1100032,1100004
"675",1100034,1100003
"676",1107034,1107175
"677",1107035,1107175
"678",1109030,1109176
"679",1121031,1121174
"680",1121033,1121175
"681",1121034,1121174
"682",1125031,1125172
"683",1125032,1125172
"684",1126035,1126030
"685",1126036,1126030
"686",1127030,1127172
"687",1129039,1129005
"688",1129187,1129032
"689",1129197,1129184
"690",1131032,1131173
"691",1131034,1131173
"692",1141034,1141003
"693",1141035,1141171
"694",1141036,1141173
"695",1141037,1141178
"696",1141175,1141173
"697",1141179,1141178
"698",1142031,1142003
"699",1142032,1142003
"700",1142033,1142171
"701",1142034,1142171
"702",1144036,1144174
"703",1144037,1144175
"704",1149030,1149170
"705",1150171,1150003
"706",1150172,1150003
"707",1151034,1151021
"708",1151036,1151006
"709",1151037,1151173
"710",1151038,1151006
"711",1151039,1151173
"712",1152038,1152176
"713",1154030,1154001
"714",1161030,1161171
"715",1163036,1163004
"716",1163037,1163171
"717",1163038,1163171
"718",1163039,1163173
"719",1163040,1163174
"720",1163041,1163174
"721",1163042,1163172
"722",1163043,1163173
"723",1163045,1163175
"724",1164033,1164173
"725",1166037,1166180
"726",1167041,1167032
"727",1167042,1167033
"728",1167043,1167032
"729",1167044,1167030
"730",1167045,1167030
"731",1167046,1167033
"732",1168035,1168003
"733",1168036,1168003
"734",1168037,1168008
"735",1168174,1168031
"736",1168175,1168031
"737",1169030,1169003
"738",1169031,1169003
"739",1178176,1178175
"740",1178177,1178175
"741",1179033,1179030
"742",1184039,1184174
"743",1184040,1184171
"744",1184041,1184174
"745",1184043,1184033
"746",1185032,1185173
"747",1185034,1185177
"748",1192033,1192003
"749",1192034,1192005
"750",1192035,1192003
"751",1200034,1200004
"752",1210031,1210171
"753",1213031,1213004
"754",1220030,1220171
"755",1220031,1220171
"756",1221031,1221171
"757",1221032,1221171
"758",1221033,1221170
"759",1221034,1221170
"760",1221035,1221172
"761",1221036,1221172
"762",1222034,1222004
"763",1222035,1222005
"764",1222185,1222004
"765",1222189,1222003
"766",1225031,1225170
"767",1227034,1227180
"768",1227035,1227193
"769",1227195,1227194
"770",1230031,1230030
"771",1233034,1233030
"772",1233035,1233030
"773",1236031,1236170
"774",1236032,1236172
"775",1241035,1241033
"776",1242032,1242171
"777",1242033,1242177
"778",1242034,1242176
"779",1242035,1242006
"780",1242036,1242176
"781",1242038,1242006
"782",1242039,1242177
"783",1254030,1254170
"784",1258030,1258003
"785",1258031,1258003
"786",1258032,1258171
"787",1258033,1258172
"788",1258034,1258171
"789",1260043,1260039
"790",1266030,1266002
"791",1266031,1266002
"792",1269033,1269171
"793",1274032,1274003
"794",1274033,1274003
"795",1281034,1281172
"796",1281035,1281173
"797",1281036,1281173
"798",1284031,1284170
"799",1284032,1284170
"800",1285030,1285005
"801",1285031,1285004
"802",1285032,1285005
"803",1285033,1285004
"804",1286032,1286004
"805",1286033,1286004
"806",1286175,1286173
"807",1290034,1290174
"808",1290035,1290174
"809",1292032,1292004
"810",1298031,1298005
"811",1298032,1298172
"812",1298033,1298005
"813",1302037,1302172
"814",1303032,1303173
"815",1303033,1303173
"816",1306031,1306170
"817",1315032,1315004
"818",1315033,1315004
"819",1315034,1315005
"820",1315035,1315005
"821",1315036,1315030
"822",1315039,1315030
"823",1332030,1332174
"824",1332032,1332174
"825",1332033,1332180
"826",1332181,1332180
"827",1335047,1335175
"828",1335048,1335174
"829",1335052,1335175
"830",1335053,1335179
"831",1335054,1335179
"832",1335056,1335183
"833",1336033,1336007
"834",1336034,1336007
"835",1336035,1336030
"836",1342031,1342170
"837",1345034,1345006
"838",1345035,1345004
"839",1351035,1351174
"840",1351036,1351174
"841",1355174,1355005
"842",1363031,1363170
"843",1368032,1368172
"844",1368180,1368179
"845",1376032,1376170
"846",1383035,1383170
"847",1383036,1383170
"848",1383037,1383031
"849",1383040,1383031
"850",1394035,1394033
"851",1394036,1394003
"852",1394037,1394033
"853",1394038,1394003
"854",1394039,1394032
"855",1397033,1397171
"856",1397034,1397172
"857",1397037,1397171
"858",1397038,1397172
"859",1398030,1398005
"860",1399035,1399008
"861",1399036,1399006
"862",1399037,1399175
"863",1399038,1399007
"864",1399039,1399007
"865",1399040,1399175
"866",1407032,1407172
"867",1411039,1411007
"868",1411043,1411004
"869",1411044,1411031
"870",1411045,1411004
"871",1411185,1411184
"872",1411186,1411184
"873",1411190,1411188
"874",1415031,1415004
"875",1426034,1426004
"876",1426036,1426002
"877",1426038,1426004
"878",1426040,1426002
"879",1430030,1430004
"880",1430031,1430004
"881",1431030,1431170
"882",1432031,1432170
"883",1434035,1434032
"884",1445035,1445173
"885",1445037,1445173
"886",1460030,1460008
"887",1468033,1468005
"888",1468034,1468005
"889",1468035,1468006
"890",1473032,1473170
"891",1475031,1475003
"892",1475032,1475003
"893",1480033,1480031
"894",1480034,1480031
"895",1485033,1485003
"896",1485034,1485003
"897",1494031,1494175
"898",1494032,1494175
"899",1498032,1498170
"900",1498034,1498172
"901",1498035,1498171
"902",1498037,1498171
"903",1498178,1498172
"904",1505030,1505004
"905",1516030,1516171
"906",1516031,1516170
"907",1516033,1516170
"908",1516172,1516171
"909",1522035,1522170
"910",1522036,1522008
"911",1522037,1522171
"912",1522038,1522175
"913",1522040,1522008
"914",1522041,1522175
"915",1522042,1522010
"916",1522043,1522010
"917",1523031,1523171
"918",1533032,1533003
"919",1533033,1533173
"920",1533034,1533173
"921",1537172,1537171
"922",1540178,1540177
"923",1541036,1541171
"924",1541037,1541005
"925",1541038,1541171
"926",1542031,1542006
"927",1542033,1542176
"928",1542034,1542005
"929",1542035,1542176
"930",1542036,1542005
"931",1542037,1542007
"932",1542039,1542006
"933",1542040,1542007
"934",1547031,1547003
"935",1547032,1547005
"936",1547033,1547003
"937",1551032,1551003
"938",1551037,1551003
"939",1559030,1559170
"940",1568033,1568173
"941",1568034,1568032
"942",1571037,1571176
"943",1571038,1571030
"944",1571039,1571030
"945",1571040,1571032
"946",1571181,1571171
"947",1572038,1572005
"948",1572040,1572005
"949",1572041,1572032
"950",1579042,1579006
"951",1583031,1583003
"952",1591033,1591171
"953",1591034,1591171
"954",1591035,1591172
"955",1591036,1591172
"956",1597030,1597003
"957",1597031,1597003
"958",1608032,1608030
"959",1608033,1608030
"960",1610031,1610030
"961",1611032,1611005
"962",1611033,1611174
"963",1611034,1611174
"964",1611177,1611004
"965",1612030,1612170
"966",1613036,1613172
"967",1613038,1613172
"968",1613039,1613007
"969",1613041,1613176
"970",1613042,1613007
"971",1621031,1621003
"972",1621032,1621003
"973",1624035,1624174
"974",1624036,1624003
"975",1624037,1624003
"976",1627032,1627030
"977",1628032,1628004
"978",1628033,1628004
"979",1632030,1632170
"980",1633174,1633170
"981",1633175,1633170
"982",1633178,1633177
"983",1634032,1634172
"984",1634033,1634172
"985",1644030,1644004
"986",1644032,1644004
"987",1645031,1645004
"988",1645032,1645004
"989",1648032,1648172
"990",1648173,1648172
"991",1654031,1654170
"992",1654032,1654003
"993",1663034,1663003
"994",1663036,1663005
"995",1663037,1663003
"996",1663038,1663008
"997",1663040,1663009
"998",1663041,1663005
"999",1663042,1663009
"1000",1663043,1663007
"1001",1663046,1663006
"1002",1670034,1670007
"1003",1670035,1670030
"1004",1670036,1670030
"1005",1679030,1679004
"1006",1682033,1682004
"1007",1682034,1682175
"1008",1682035,1682175
"1009",1684034,1684006
"1010",1684035,1684006
"1011",1684036,1684005
"1012",1684037,1684005
"1013",1687031,1687170
"1014",1690033,1690170
"1015",1690034,1690170
"1016",1690035,1690174
"1017",1690036,1690174
"1018",1690172,1690171
"1019",1690173,1690171
"1020",1692038,1692030
"1021",1692039,1692030
"1022",1692040,1692031
"1023",1695045,1695181
"1024",1695046,1695011
"1025",1695047,1695030
"1026",1695048,1695037
"1027",1695050,1695010
"1028",1695051,1695205
"1029",1695052,1695205
"1030",1695054,1695034
"1031",1695064,1695063
"1032",1695199,1695037
"1033",1697044,1697006
"1034",1697045,1697006
"1035",1697046,1697037
"1036",1697047,1697037
"1037",1697048,1697032
"1038",1697049,1697182
"1039",1698031,1698170
"1040",1698173,1698004
"1041",1700036,1700005
"1042",1700038,1700005
"1043",1700039,1700175
"1044",1700180,1700179
"1045",1701032,1701004
"1046",1701033,1701004
"1047",1701034,1701003
"1048",1701035,1701178
"1049",1701036,1701178
"1050",1709183,1709182
"1051",1709184,1709182
"1052",1722037,1722031
"1053",1722038,1722033
"1054",1722040,1722035
"1055",1722184,1722183
"1056",1722185,1722183
"1057",1731031,1731003
"1058",1731032,1731004
"1059",1731033,1731003
"1060",1731035,1731004
"1061",1732030,1732008
"1062",1732031,1732008
"1063",1738032,1738003
"1064",1738033,1738003
"1065",1740032,1740170
"1066",1750031,1750003
"1067",1758033,1758173
"1068",1758034,1758173
"1069",1758035,1758175
"1070",1758036,1758175
"1071",1762040,1762006
"1072",1762041,1762032
"1073",1762042,1762006
"1074",1762043,1762032
"1075",1762044,1762030
"1076",1762045,1762180
"1077",1763035,1763006
"1078",1763036,1763006
"1079",1763038,1763030
"1080",1763040,1763030
"1081",1767032,1767004
"1082",1767033,1767180
"1083",1775033,1775004
"1084",1775035,1775004
"1085",1775037,1775005
"1086",1775038,1775006
"1087",1775039,1775006
"1088",1782033,1782030
"1089",1782034,1782174
"1090",1782035,1782030
"1091",1782175,1782174
"1092",1783030,1783002
"1093",1783170,1783002
"1094",1784033,1784005
"1095",1784035,1784005
"1096",1786045,1786182
"1097",1786047,1786008
"1098",1786048,1786003
"1099",1786049,1786182
"1100",1786050,1786010
"1101",1787035,1787171
"1102",1794032,1794170
"1103",1795033,1795005
"1104",1798039,1798034
"1105",1798040,1798176
"1106",1798041,1798033
"1107",1799038,1799006
"1108",1799039,1799006
"1109",1802033,1802170
"1110",1803030,1803003
"1111",1803031,1803003
"1112",1805033,1805174
"1113",1805034,1805174
"1114",1805175,1805003
"1115",1807035,1807170
"1116",1807037,1807030
"1117",1810043,1810003
"1118",1813032,1813003
"1119",1822034,1822171
"1120",1823033,1823170
"1121",1823034,1823004
"1122",1824176,1824002
"1123",1830033,1830003
"1124",1830034,1830004
"1125",1837034,1837172
"1126",1837035,1837172
"1127",1839034,1839031
"1128",1839035,1839031
"1129",1839036,1839174
"1130",1839038,1839174
"1131",1841035,1841171
"1132",1841036,1841171
"1133",1841037,1841003
"1134",1841039,1841003
"1135",1845030,1845003
"1136",1845031,1845003
"1137",1850033,1850172
"1138",1850034,1850172
"1139",1852032,1852030
"1140",1859031,1859171
"1141",1859033,1859171
"1142",1862032,1862030
"1143",1862033,1862030
"1144",1862173,1862172
"1145",1866032,1866171
"1146",1866033,1866170
"1147",1866034,1866172
"1148",1867033,1867003
"1149",1867034,1867003
"1150",1877176,1877174
"1151",1878033,1878172
"1152",1878034,1878172
"1153",1879032,1879170
"1154",1879033,1879170
"1155",1887037,1887005
"1156",1893034,1893173
"1157",1893035,1893173
"1158",1893036,1893174
"1159",1893037,1893174
"1160",1893038,1893005
"1161",1897030,1897003
"1162",1898030,1898003
"1163",1901031,1901030
"1164",1901172,1901030
"1165",1905031,1905172
"1166",1905032,1905172
"1167",1905033,1905173
"1168",1906031,1906030
"1169",1908032,1908004
"1170",1908033,1908004
"1171",1909030,1909173
"1172",1909031,1909173
"1173",1911033,1911006
"1174",1911034,1911030
"1175",1911035,1911006
"1176",1914032,1914003
"1177",1914033,1914173
"1178",1915030,1915171
"1179",1915031,1915171
"1180",1915032,1915005
"1181",1917030,1917004
"1182",1917031,1917172
"1183",1917032,1917005
"1184",1917033,1917172
"1185",1917034,1917005
"1186",1918033,1918004
"1187",1919037,1919172
"1188",1919038,1919172
"1189",1919040,1919170
"1190",1919041,1919173
"1191",1919043,1919175
"1192",1919044,1919009
"1193",1919045,1919175
"1194",1919046,1919009
"1195",1920032,1920003
"1196",1920033,1920003
"1197",1925031,1925170
"1198",1926031,1926003
"1199",1926032,1926004
"1200",1926033,1926003
"1201",1928030,1928171
"1202",1930034,1930005
"1203",1930035,1930005
"1204",1932035,1932173
"1205",1935172,1935004
"1206",1935173,1935004
"1207",1945032,1945179
"1208",1947030,1947003
"1209",1947031,1947171
"1210",1947032,1947171
"1211",1954030,1954170
"1212",1954031,1954170
"1213",1954033,1954172
"1214",1954171,1954172
"1215",1955030,1955170
"1216",1956030,1956004
"1217",1959031,1959170
"1218",1959032,1959171
"1219",1960032,1960171
"1220",1960178,1960177
"1221",1960179,1960177
"1222",1962030,1962176
"1223",1962031,1962176
"1224",1965031,1965005
"1225",1969032,1969030
"1226",1969033,1969030
"1227",1970032,1970005
"1228",1971033,1971173
"1229",1975032,1975004
"1230",1975033,1975004
"1231",1978031,1978171
"1232",1985030,1985172
"1233",1994177,1994176
"1234",1994178,1994176
"1235",2004035,2004005
"1236",2004036,2004005
"1237",2006177,2006174
"1238",2006178,2006174
"1239",2011033,2011174
"1240",2011034,2011005
"1241",2011035,2011005
"1242",2012032,2012003
"1243",2012033,2012003
"1244",2012034,2012031
"1245",2013174,2013173
"1246",2016031,2016004
"1247",2016032,2016006
"1248",2016033,2016006
"1249",2017032,2017172
"1250",2019031,2019004
"1251",2019032,2019175
"1252",2022030,2022170
"1253",2022031,2022170
"1254",2028032,2028030
"1255",2030037,2030004
"1256",2030038,2030174
"1257",2030039,2030006
"1258",2030040,2030006
"1259",2030041,2030175
"1260",2032035,2032172
"1261",2032037,2032170
"1262",2032040,2032031
"1263",2032041,2032031
"1264",2034031,2034004
"1265",2034033,2034004
"1266",2034034,2034030
"1267",2047030,2047005
"1268",2047031,2047005
"1269",2050031,2050172
"1270",2050032,2050172
"1271",2051034,2051031
"1272",2051035,2051031
"1273",2053031,2053172
"1274",2053032,2053004
"1275",2053033,2053004
"1276",2054030,2054003
"1277",2054031,2054003
"1278",2055030,2055003
"1279",2055031,2055005
"1280",2055032,2055003
"1281",2055033,2055005
"1282",2055034,2055181
"1283",2056034,2056002
"1284",2059033,2059176
"1285",2060030,2060003
"1286",2061031,2061007
"1287",2061032,2061181
"1288",2061183,2061181
"1289",2067036,2067188
"1290",2067037,2067188
"1291",2067038,2067189
"1292",2073033,2073002
"1293",2073034,2073031
"1294",2075177,2075004
"1295",2080031,2080170
"1296",2080032,2080170
"1297",2083030,2083171
"1298",2083031,2083174
"1299",2083172,2083175
"1300",2083173,2083174
"1301",2086031,2086004
"1302",2086033,2086004
"1303",2088031,2088004
"1304",2095032,2095177
"1305",2095033,2095177
"1306",2106031,2106171
"1307",2106032,2106171
"1308",2106033,2106173
"1309",2108031,2108003
"1310",2108032,2108003
"1311",2108033,2108005
"1312",2108034,2108005
"1313",2108178,2108177
"1314",2108179,2108177
"1315",2109030,2109002
"1316",2109031,2109002
"1317",2117030,2117003
"1318",2117031,2117003
"1319",2117032,2117006
"1320",2117033,2117006
"1321",2125030,2125004
"1322",2125031,2125006
"1323",2125032,2125004
"1324",2125034,2125006
"1325",2126032,2126170
"1326",2127030,2127005
"1327",2127031,2127005
"1328",2128032,2128030
"1329",2128033,2128030
"1330",2129032,2129175
"1331",2129033,2129181
"1332",2129035,2129003
"1333",2129036,2129181
"1334",2129190,2129189
"1335",2137034,2137174
"1336",2138033,2138030
"1337",2138176,2138175
"1338",2143031,2143003
"1339",2143032,2143003
"1340",2150031,2150172
"1341",2151038,2151005
"1342",2151039,2151003
"1343",2151040,2151177
"1344",2151041,2151177
"1345",2164039,2164003
"1346",2164041,2164030
"1347",2164042,2164030
"1348",2175030,2175170
"1349",2175031,2175170
"1350",2175032,2175171
"1351",2175033,2175171
"1352",2176031,2176175
"1353",2176032,2176175
"1354",2177031,2177177
"1355",2177032,2177174
"1356",2177033,2177177
"1357",2177034,2177178
"1358",2177035,2177005
"1359",2177036,2177005
"1360",2181036,2181006
"1361",2181038,2181030
"1362",2188030,2188005
"1363",2188032,2188005
"1364",2191038,2191004
"1365",2191182,2191007
"1366",2194185,2194184
"1367",2195178,2195005
"1368",2195181,2195180
"1369",2196034,2196030
"1370",2196035,2196030
"1371",2197031,2197030
"1372",2197032,2197030
"1373",2198031,2198005
"1374",2198032,2198003
"1375",2198033,2198005
"1376",2198034,2198003
"1377",2198035,2198173
"1378",2198036,2198173
"1379",2199035,2199180
"1380",2199036,2199180
"1381",2201030,2201172
"1382",2201173,2201172
"1383",2205032,2205005
"1384",2207030,2207172
"1385",2207031,2207172
"1386",2210033,2210030
"1387",2210035,2210030
"1388",2210180,2210179
"1389",2210181,2210179
"1390",2219033,2219170
"1391",2219034,2219170
"1392",2224030,2224006
"1393",2224039,2224006
"1394",2224040,2224174
"1395",2224042,2224184
"1396",2224044,2224184
"1397",2224045,2224033
"1398",2225033,2225170
"1399",2225034,2225004
"1400",2228030,2228004
"1401",2228031,2228003
"1402",2228033,2228003
"1403",2228035,2228004
"1404",2228036,2228005
"1405",2237031,2237171
"1406",2237032,2237172
"1407",2238031,2238170
"1408",2238033,2238170
"1409",2238035,2238171
"1410",2238036,2238171
"1411",2238037,2238172
"1412",2240031,2240003
"1413",2240032,2240004
"1414",2240033,2240004
"1415",2240034,2240003
"1416",2244031,2244170
"1417",2246030,2246176
"1418",2248033,2248172
"1419",2248034,2248172
"1420",2250041,2250173
"1421",2250042,2250006
"1422",2250043,2250007
"1423",2250044,2250170
"1424",2250045,2250181
"1425",2251035,2251003
"1426",2251037,2251003
"1427",2251040,2251174
"1428",2256175,2256174
"1429",2260031,2260006
"1430",2260033,2260173
"1431",2260035,2260006
"1432",2260036,2260173
"1433",2261033,2261172
"1434",2261034,2261172
"1435",2271032,2271003
"1436",2271034,2271005
"1437",2271035,2271003
"1438",2272033,2272003
"1439",2276171,2276170
"1440",2277034,2277008
"1441",2277035,2277008
"1442",2277183,2277181
"1443",2277184,2277181
"1444",2278039,2278178
"1445",2278040,2278032
"1446",2278041,2278182
"1447",2278042,2278032
"1448",2278043,2278182
"1449",2280038,2280172
"1450",2280039,2280002
"1451",2280041,2280172
"1452",2280042,2280173
"1453",2280043,2280173
"1454",2282178,2282177
"1455",2285036,2285175
"1456",2285037,2285175
"1457",2288033,2288004
"1458",2288034,2288004
"1459",2292036,2292007
"1460",2297034,2297174
"1461",2299033,2299172
"1462",2299034,2299171
"1463",2299035,2299171
"1464",2299036,2299172
"1465",2302043,2302189
"1466",2302047,2302011
"1467",2302048,2302201
"1468",2302049,2302200
"1469",2302050,2302032
"1470",2302051,2302011
"1471",2302052,2302200
"1472",2302053,2302032
"1473",2302194,2302008
"1474",2302198,2302195
"1475",2302199,2302195
"1476",2304032,2304004
"1477",2304033,2304004
"1478",2311031,2311006
"1479",2311032,2311003
"1480",2311033,2311172
"1481",2311034,2311003
"1482",2311035,2311172
"1483",2323032,2323174
"1484",2323033,2323031
"1485",2323034,2323031
"1486",2326036,2326035
"1487",2326037,2326035
"1488",2330031,2330030
"1489",2330032,2330030
"1490",2335032,2335030
"1491",2341031,2341172
"1492",2341032,2341172
"1493",2341033,2341173
"1494",2341034,2341173
"1495",2352031,2352170
"1496",2352032,2352170
"1497",2353030,2353171
"1498",2353035,2353171
"1499",2354034,2354005
"1500",2354035,2354003
"1501",2354036,2354005
"1502",2355033,2355174
"1503",2355176,2355174
"1504",2379031,2379006
"1505",2379032,2379006
"1506",2379033,2379170
"1507",2383173,2383172
"1508",2383174,2383172
"1509",2392032,2392031
"1510",2392033,2392004
"1511",2392034,2392031
"1512",2392035,2392004
"1513",2392036,2392173
"1514",2392037,2392173
"1515",2393030,2393004
"1516",2393031,2393004
"1517",2397037,2397173
"1518",2397038,2397173
"1519",2409031,2409003
"1520",2409032,2409003
"1521",2409033,2409171
"1522",2409175,2409171
"1523",2410031,2410003
"1524",2410032,2410003
"1525",2410033,2410030
"1526",2411171,2411004
"1527",2411172,2411004
"1528",2411173,2411030
"1529",2411174,2411030
"1530",2412033,2412030
"1531",2416034,2416171
"1532",2416035,2416006
"1533",2416036,2416006
"1534",2417175,2417174
"1535",2417176,2417174
"1536",2418034,2418173
"1537",2422035,2422171
"1538",2422036,2422171
"1539",2427034,2427171
"1540",2427035,2427171
"1541",2432038,2432035
"1542",2432041,2432033
"1543",2432042,2432173
"1544",2432044,2432033
"1545",2432046,2432034
"1546",2432047,2432034
"1547",2432048,2432176
"1548",2432052,2432035
"1549",2432053,2432173
"1550",2432054,2432034
"1551",2432055,2432035
"1552",2432187,2432183
"1553",2434031,2434003
"1554",2434032,2434003
"1555",2435031,2435175
"1556",2435032,2435172
"1557",2435034,2435172
"1558",2435035,2435007
"1559",2435036,2435175
"1560",2436036,2436170
"1561",2436037,2436174
"1562",2441031,2441003
"1563",2441032,2441003
"1564",2441034,2441005
"1565",2441035,2441005
"1566",2441037,2441176
"1567",2443030,2443003
"1568",2443031,2443003
"1569",2443033,2443175
"1570",2443179,2443175
"1571",2461031,2461003
"1572",2461032,2461174
"1573",2461033,2461174
"1574",2461173,2461004
"1575",2464032,2464171
"1576",2468030,2468171
"1577",2468031,2468171
"1578",2469032,2469004
"1579",2473030,2473170
"1580",2473032,2473170
"1581",2474034,2474171
"1582",2478031,2478003
"1583",2478032,2478004
"1584",2485032,2485003
"1585",2485034,2485173
"1586",2485035,2485030
"1587",2485036,2485173
"1588",2486034,2486031
"1589",2490034,2490031
"1590",2492030,2492170
"1591",2501031,2501178
"1592",2501032,2501005
"1593",2501033,2501178
"1594",2501034,2501005
"1595",2502033,2502171
"1596",2502035,2502171
"1597",2502036,2502172
"1598",2502037,2502172
"1599",2506178,2506003
"1600",2509035,2509171
"1601",2509036,2509170
"1602",2509037,2509006
"1603",2509038,2509173
"1604",2509039,2509003
"1605",2509040,2509173
"1606",2509041,2509003
"1607",2509042,2509006
"1608",2509043,2509177
"1609",2510033,2510172
"1610",2510034,2510171
"1611",2510035,2510172
"1612",2510036,2510171
"1613",2515038,2515031
"1614",2515040,2515184
"1615",2515041,2515031
"1616",2516031,2516170
"1617",2516032,2516004
"1618",2516033,2516004
"1619",2518033,2518009
"1620",2518176,2518009
"1621",2524030,2524172
"1622",2524031,2524171
"1623",2525030,2525174
"1624",2525177,2525172
"1625",2526033,2526004
"1626",2526034,2526030
"1627",2526035,2526173
"1628",2529031,2529175
"1629",2530037,2530004
"1630",2530038,2530004
"1631",2530186,2530185
"1632",2532031,2532003
"1633",2532032,2532003
"1634",2538031,2538021
"1635",2539034,2539005
"1636",2540032,2540031
"1637",2540171,2540031
"1638",2545033,2545030
"1639",2545034,2545030
"1640",2557032,2557006
"1641",2557033,2557006
"1642",2558031,2558170
"1643",2558171,2558170
"1644",2566038,2566030
"1645",2566039,2566030
"1646",2569037,2569031
"1647",2569038,2569031
"1648",2576033,2576003
"1649",2576034,2576003
"1650",2577030,2577173
"1651",2577031,2577173
"1652",2578180,2578179
"1653",2586032,2586173
"1654",2586034,2586173
"1655",2586035,2586172
"1656",2590040,2590032
"1657",2590041,2590030
"1658",2590042,2590030
"1659",2590043,2590032
"1660",2591035,2591178
"1661",2594030,2594003
"1662",2599174,2599173
"1663",2599175,2599173
"1664",2601033,2601005
"1665",2601034,2601171
"1666",2601036,2601171
"1667",2601038,2601005
"1668",2603032,2603005
"1669",2603033,2603177
"1670",2603179,2603177
"1671",2607030,2607003
"1672",2610032,2610173
"1673",2611037,2611032
"1674",2611038,2611032
"1675",2613030,2613004
"1676",2613031,2613004
"1677",2615046,2615174
"1678",2615047,2615007
"1679",2615048,2615177
"1680",2615049,2615007
"1681",2618032,2618003
"1682",2618033,2618003
"1683",2618034,2618004
"1684",2618035,2618031
"1685",2618037,2618004
"1686",2621034,2621030
"1687",2628032,2628003
"1688",2628034,2628005
"1689",2628035,2628005
"1690",2628037,2628003
"1691",2629030,2629003
"1692",2629031,2629003
"1693",2639030,2639003
"1694",2640030,2640004
"1695",2642032,2642030
"1696",2642034,2642031
"1697",2642035,2642031
"1698",2643032,2643003
"1699",2645030,2645171
"1700",2646032,2646006
"1701",2646033,2646006
"1702",2647030,2647172
"1703",2653030,2653170
"1704",2655031,2655002
"1705",2655032,2655002
"1706",2655033,2655173
"1707",2656033,2656171
"1708",2656034,2656174
"1709",2656035,2656171
"1710",2656036,2656174
"1711",2656037,2656008
"1712",2657036,2657008
"1713",2657037,2657007
"1714",2657038,2657008
"1715",2660031,2660172
"1716",2660032,2660172
"1717",2661040,2661176
"1718",2661041,2661180
"1719",2661042,2661180
"1720",2661043,2661032
"1721",2661044,2661032
"1722",2662032,2662172
"1723",2672030,2672171
"1724",2672031,2672005
"1725",2672032,2672005
"1726",2673174,2673003
"1727",2678037,2678007
"1728",2678038,2678175
"1729",2678040,2678175
"1730",2680032,2680003
"1731",2680033,2680174
"1732",2680034,2680174
"1733",2682032,2682005
"1734",2682033,2682005
"1735",2688036,2688031
"1736",2701038,2701009
"1737",2701043,2701031
"1738",2701047,2701031
"1739",2701048,2701041
"1740",2701049,2701033
"1741",2701050,2701190
"1742",2701051,2701033
"1743",2701052,2701041
"1744",2701208,2701190
"1745",2704185,2704003
"1746",2704186,2704003
"1747",2707034,2707174
"1748",2707035,2707003
"1749",2707038,2707004
"1750",2707042,2707004
"1751",2707043,2707007
"1752",2707044,2707007
"1753",2707182,2707003
"1754",2712032,2712170
"1755",2714036,2714179
"1756",2714183,2714182
"1757",2715030,2715174
"1758",2715030,2715176
"1759",2716032,2716003
"1760",2716033,2716003
"1761",2717033,2717005
"1762",2717034,2717006
"1763",2717036,2717006
"1764",2717038,2717173
"1765",2722031,2722003
"1766",2726030,2726003
"1767",2726031,2726003
"1768",2727035,2727171
"1769",2727036,2727171
"1770",2727178,2727177
"1771",2727179,2727177
"1772",2731034,2731174
"1773",2731035,2731030
"1774",2731036,2731004
"1775",2731037,2731030
"1776",2731175,2731174
"1777",2744034,2744173
"1778",2750031,2750172
"1779",2750032,2750172
"1780",2752032,2752170
"1781",2752033,2752172
"1782",2753034,2753172
"1783",2753035,2753004
"1784",2753174,2753004
"1785",2756034,2756003
"1786",2756173,2756003
"1787",2771033,2771173
"1788",2771034,2771173
"1789",2776031,2776173
"1790",2776032,2776173
"1791",2779031,2779170
"1792",2782177,2782176
"1793",2783031,2783003
"1794",2786032,2786006
"1795",2786033,2786171
"1796",2786034,2786006
"1797",2799031,2799177
"1798",2799032,2799177
"1799",2800035,2800171
"1800",2801035,2801171
"1801",2801179,2801008
"1802",2801180,2801008
"1803",2806033,2806171
"1804",2807030,2807170
"1805",2807031,2807170
"1806",2816033,2816004
"1807",2822032,2822175
"1808",2831032,2831004
"1809",2831033,2831004
"1810",2835030,2835004
"1811",2835031,2835004
"1812",2836033,2836004
"1813",2836035,2836004
"1814",2846176,2846006
"1815",2846177,2846006
"1816",2847040,2847031
"1817",2848036,2848174
"1818",2848037,2848176
"1819",2848038,2848006
"1820",2848039,2848010
"1821",2848040,2848010
"1822",2848041,2848030
"1823",2848042,2848030
"1824",2848043,2848033
"1825",2848175,2848174
"1826",2848179,2848176
"1827",2849031,2849003
"1828",2849032,2849003
"1829",2851031,2851004
"1830",2851032,2851171
"1831",2851033,2851171
"1832",2851034,2851005
"1833",2851035,2851005
"1834",2852041,2852172
"1835",2852046,2852006
"1836",2852048,2852031
"1837",2852049,2852172
"1838",2852050,2852033
"1839",2852051,2852031
"1840",2852052,2852184
"1841",2852053,2852006
"1842",2852054,2852184
"1843",2860031,2860006
"1844",2860032,2860006
"1845",2867032,2867031
"1846",2869031,2869030
"1847",2874032,2874003
"1848",2874033,2874003
"1849",2875034,2875007
"1850",2875035,2875007
"1851",2876032,2876003
"1852",2880030,2880005
"1853",2880031,2880005
"1854",2881033,2881032
"1855",2881036,2881032
"1856",2881037,2881004
"1857",2882032,2882003
"1858",2882033,2882171
"1859",2882034,2882171
"1860",2887036,2887005
"1861",2888030,2888171
"1862",2890031,2890005
"1863",2893031,2893003
"1864",2893177,2893003
"1865",2895032,2895002
"1866",2895033,2895030
"1867",2895034,2895030
"1868",2897031,2897004
"1869",2897032,2897003
"1870",2897033,2897004
"1871",2897034,2897003
"1872",2897036,2897176
"1873",2897180,2897179
"1874",2897182,2897179
"1875",2898031,2898171
"1876",2898032,2898170
"1877",2902030,2902003
"1878",2902032,2902174
"1879",2902033,2902003
"1880",2907035,2907174
"1881",2907036,2907174
"1882",2907037,2907009
"1883",2907038,2907009
"1884",2907041,2907008
"1885",2907043,2907008
"1886",2910032,2910002
"1887",2910033,2910002
"1888",2916031,2916176
"1889",2916032,2916176
"1890",2920034,2920174
"1891",2920035,2920174
"1892",2921031,2921004
"1893",2921033,2921004
"1894",3002002,3002001
"1895",3005002,3005001
"1896",3006004,3006002
"1897",3012002,3012171
"1898",3018002,3018001
"1899",3018003,3018001
"1900",3019003,3019002
"1901",3021003,3021001
"1902",3021004,3021001
"1903",3023003,3023002
"1904",3023004,3023002
"1905",3025003,3025002
"1906",3025004,3025002
"1907",3027002,3027001
"1908",3030003,3030002
"1909",3032003,3032001
"1910",3033002,3033001
"1911",3034004,3034002
"1912",3037002,3037001
"1913",3037004,3037001
"1914",3043003,3043002
"1915",3045003,3045002
"1916",3045004,3045002
"1917",3046005,3046002
"1918",3046007,3046002
"1919",3047005,3047175
"1920",3047006,3047002
"1921",3049004,3049003
"1922",3049005,3049003
"1923",3050003,3050002
"1924",3050004,3050002
"1925",3055003,3055002
"1926",3055004,3055002
"1927",3057004,3057003
"1928",3057005,3057002
"1929",3059003,3059002
"1930",3059004,3059002
"1931",3061003,3061002
"1932",3061004,3061002
"1933",3063005,3063002
"1934",3063006,3063002
"1935",3064006,3064002
"1936",3064007,3064002
"1937",3066003,3066002
"1938",3070003,3070002
"1939",3073002,3073001
"1940",3075004,3075002
"1941",3078003,3078002
"1942",3079005,3079004
"1943",3080003,3080001
"1944",3082003,3082002
"1945",3082004,3082002
"1946",3085003,3085002
"1947",3085004,3085002
"1948",3088004,3088003
"1949",3088005,3088003
"1950",3089006,3089004
"1951",3089007,3089004
"1952",3090003,3090002
"1953",3090004,3090002
"1954",3091003,3091002
"1955",3091004,3091002
"1956",3092003,3092002
"1957",3092004,3092002
"1958",3093002,3093001
"1959",3094003,3094002
"1960",3094004,3094002
"1961",3095003,3095001
"1962",3095004,3095001
"1963",3096003,3096002
"1964",3098003,3098002
"1965",3098004,3098002
"1966",3105003,3105002
"1967",3105004,3105002
"1968",3108004,3108002
"1969",3109003,3109002
"1970",3110003,3110002
"1971",3110005,3110170
"1972",3111004,3111001
"1973",3111005,3111001
"1974",3113003,3113002
"1975",3115004,3115002
"1976",3116002,3116001
"1977",3117005,3117002
"1978",3117006,3117002
"1979",3121004,3121002
"1980",3123003,3123002
"1981",3124003,3124002
"1982",3125004,3125002
"1983",3125005,3125002
"1984",3126004,3126001
"1985",3127003,3127002
"1986",3127004,3127002
"1987",3129003,3129002
"1988",3129004,3129002
"1989",3130002,3130001
"1990",3131002,3131001
"1991",3131003,3131001
"1992",3133003,3133002
"1993",3135003,3135002
"1994",3135004,3135002
"1995",3140003,3140002
"1996",3140004,3140002
"1997",3141005,3141002
"1998",3144003,3144002
"1999",3147006,3147002
"2000",3149003,3149002
"2001",3151005,3151002
"2002",3154003,3154002
"2003",3155005,3155002
"2004",3155006,3155002
"2005",3156003,3156002
"2006",3156004,3156002
"2007",3157004,3157002
"2008",3157005,3157002
"2009",3159003,3159002
"2010",3159004,3159002
"2011",3161003,3161002
"2012",3162005,3162002
"2013",3162006,3162002
"2014",3163004,3163002
"2015",3167003,3167002
"2016",3171005,3171002
"2017",3176004,3176002
"2018",3176005,3176002
"2019",3177003,3177002
"2020",3179004,3179003
"2021",3179006,3179003
"2022",3189003,3189002
"2023",3190003,3190001
"2024",3194003,3194001
"2025",3194004,3194001
"2026",3198002,3198001
"2027",3200004,3200002
"2028",3200006,3200002
"2029",3202003,3202002
"2030",3202005,3202002
"2031",3204003,3204002
"2032",3204004,3204002
"2033",3205002,3205001
"2034",3206004,3206002
"2035",3207004,3207002
"2036",3207005,3207002
"2037",3211003,3211002
"2038",3211004,3211002
"2039",3212005,3212002
"2040",3212007,3212002
"2041",3217003,3217002
"2042",3221003,3221002
"2043",3221005,3221002
"2044",3223003,3223002
"2045",3223004,3223002
"2046",3224006,3224002
"2047",3224007,3224002
"2048",3225003,3225002
"2049",3225006,3225002
"2050",3227003,3227002
"2051",3227004,3227002
"2052",3228003,3228002
"2053",3228006,3228002
"2054",3229003,3229002
"2055",3229004,3229002
"2056",3231003,3231002
"2057",3232004,3232002
"2058",3232005,3232002
"2059",3233003,3233002
"2060",3233004,3233002
"2061",3237006,3237002
"2062",3237007,3237002
"2063",3238003,3238002
"2064",3238004,3238002
"2065",3239003,3239002
"2066",3239004,3239002
"2067",3240003,3240002
"2068",3240006,3240002
"2069",3248004,3248002
"2070",3248005,3248002
"2071",3249004,3249002
"2072",3249007,3249002
"2073",3250003,3250002
"2074",3250004,3250002
"2075",3257003,3257002
"2076",3257004,3257002
"2077",3258004,3258002
"2078",3258005,3258002
"2079",3270002,3270001
"2080",3275003,3275002
"2081",3275004,3275002
"2082",3276004,3276002
"2083",3277003,3277001
"2084",3277004,3277001
"2085",3279006,3279004
"2086",3279007,3279004
"2087",3282005,3282002
"2088",3282007,3282002
"2089",3291003,3291002
"2090",3294004,3294003
"2091",3302003,3302002
"2092",3302004,3302002
"2093",3303007,3303003
"2094",3309003,3309002
"2095",3309004,3309002
"2096",3310003,3310002
"2097",3311005,3311002
"2098",3311007,3311002
"2099",3312005,3312002
"2100",3318003,3318002
"2101",3323003,3323002
"2102",3323004,3323002
"2103",3326003,3326001
"2104",3328005,3328002
"2105",3328006,3328002
"2106",3330003,3330002
"2107",3331006,3331001
"2108",3331008,3331001
"2109",3332003,3332002
"2110",3332004,3332002
"2111",3333003,3333002
"2112",3336003,3336002
"2113",3336005,3336002
"2114",3345003,3345002
"2115",3345005,3345002
"2116",3346003,3346002
"2117",3347005,3347004
"2118",3348006,3348005
"2119",3349003,3349002
"2120",3349004,3349002
"2121",3350003,3350002
"2122",3353003,3353002
"2123",3353004,3353002
"2124",3355005,3355170
"2125",3355006,3355170
"2126",3356006,3356003
"2127",3360002,3360001
"2128",3360003,3360001
"2129",3365004,3365002
"2130",3365005,3365002
"2131",3367003,3367002
"2132",3367004,3367002
"2133",3368007,3368006
"2134",3368008,3368006
"2135",3369004,3369002
"2136",3369007,3369002
"2137",3371004,3371002
"2138",3371005,3371002
"2139",3372007,3372002
"2140",3372008,3372002
"2141",3373003,3373002
"2142",3373004,3373002
"2143",3374005,3374002
"2144",3375005,3375170
"2145",3375006,3375170
"2146",3376006,3376002
"2147",3376007,3376002
"2148",3378003,3378002
"2149",3378004,3378002
"2150",3380004,3380002
"2151",3380005,3380002
"2152",3382003,3382002
"2153",3382004,3382002
"2154",3386003,3386002
"2155",3386004,3386002
"2156",3387003,3387002
"2157",3389003,3389002
"2158",3397003,3397002
"2159",3397007,3397006
"2160",3403005,3403002
"2161",3403006,3403002
"2162",3404003,3404002
"2163",3404004,3404002
"2164",3407003,3407001
"2165",3407004,3407001
"2166",3408004,3408002
"2167",3409003,3409002
"2168",3409004,3409002
"2169",3413005,3413002
"2170",3416003,3416002
"2171",3420004,3420002
"2172",3420005,3420002
"2173",3422003,3422002
"2174",3422004,3422002
"2175",3427004,3427002
"2176",3427005,3427002
"2177",3429004,3429001
"2178",3429005,3429001
"2179",3441003,3441002
"2180",3441005,3441002
"2181",5012038,5012030
"2182",5012039,5012030
"2183",5012177,5012031
"2184",5014035,5014175
"2185",5014040,5014032
"2186",5015034,5015003
"2187",5015035,5015003
"2188",5015036,5015030
"2189",5015177,5015030
"2190",5016033,5016170
"2191",5016034,5016170
"2192",5017032,5017171
"2193",5018033,5018030
"2194",5018034,5018004
"2195",5031038,5031006
"2196",5031039,5031005
"2197",5031040,5031006
"2198",5031041,5031007
"2199",5031042,5031003
"2200",5031043,5031009
"2201",5031044,5031007
"2202",5031046,5031003
"2203",5031050,5031032
"2204",5031052,5031009
"2205",5034040,5034005
"2206",5034042,5034170
"2207",5034043,5034170
"2208",5035031,5035171
"2209",5036031,5036002
"2210",5037034,5037005
"2211",5037185,5037005
"2212",5040033,5040030
"2213",5040181,5040030
"2214",5045033,5045003
"2215",5046176,5046002
"2216",5046177,5046002
"2217",5047031,5047003
"2218",5048039,5048004
"2219",5048041,5048030
"2220",5048045,5048030
"2221",5048046,5048035
"2222",5052048,5052004
"2223",5052049,5052008
"2224",5052050,5052174
"2225",5052051,5052033
"2226",5052052,5052033
"2227",5055037,5055031
"2228",5055038,5055031
"2229",5055042,5055178
"2230",5055043,5055171
"2231",5055044,5055033
"2232",5055176,5055171
"2233",5057038,5057030
"2234",5057041,5057015
"2235",5057042,5057008
"2236",5057044,5057015
"2237",5057045,5057008
"2238",5057047,5057004
"2239",5057196,5057004
"2240",5057197,5057190
"2241",5061034,5061004
"2242",5061035,5061177
"2243",5065037,5065171
"2244",5065038,5065032
"2245",5065039,5065034
"2246",5065040,5065032
"2247",5065043,5065036
"2248",5065045,5065034
"2249",5065046,5065177
"2250",5066037,5066007
"2251",5066039,5066006
"2252",5066040,5066006
"2253",5066041,5066180
"2254",5066181,5066005
"2255",5067035,5067002
"2256",5067036,5067002
"2257",5069037,5069004
"2258",5069038,5069031
"2259",5070175,5070004
"2260",5071035,5071032
"2261",5071036,5071032
"2262",5082030,5082003
"2263",5120030,5120005
"2264",5120031,5120173
"2265",5120031,5120004
"2266",5120032,5120177
"2267",5120033,5120178
"2268",5133033,5133003
"2269",5133034,5133031
"2270",5133035,5133031
"2271",5136039,5136009
"2272",5136040,5136011
"2273",5136041,5136011
"2274",5136042,5136031
"2275",5136043,5136031
"2276",5136180,5136010
"2277",5136181,5136010
"2278",5136183,5136032
"2279",5142033,5142171
"2280",5142034,5142174
"2281",5142035,5142174
"2282",5145034,5145002
"2283",5145035,5145002
"2284",5145176,5145004
"2285",5145177,5145004
"2286",5154039,5154004
"2287",5154039,5154032
"2288",5154041,5154032
"2289",5154044,5154033
"2290",5154045,5154008
"2291",5154046,5154033
"2292",5163032,5163172
"2293",5164032,5164003
"2294",5164034,5164005
"2295",5170038,5170009
"2296",5170040,5170009
"2297",5170041,5170030
"2298",5170042,5170007
"2299",5170043,5170032
"2300",5170185,5170184
"2301",5171032,5171008
"2302",5177033,5177007
"2303",5177035,5177007
"2304",5177036,5177175
"2305",5180032,5180004
"2306",5182040,5182009
"2307",5182041,5182009
"2308",5182042,5182176
"2309",5182043,5182030
"2310",5182044,5182182
"2311",5182045,5182030
"2312",5182046,5182033
"2313",5182047,5182033
"2314",5182048,5182182
"2315",5199035,5199178
"2316",5215032,5215003
"2317",5215033,5215005
"2318",5216171,5216003
"2319",5219035,5219195
"2320",5219193,5219195
"2321",5230039,5230178
"2322",5230041,5230006
"2323",5230196,5230195
"2324",5230197,5230195
"2325",5234030,5234171
"2326",5234031,5234171
"2327",5241172,5241030
"2328",5259039,5259010
"2329",5264031,5264004
"2330",5264032,5264004
"2331",5274031,5274004
"2332",5274032,5274004
"2333",5281032,5281003
"2334",5287032,5287173
"2335",5287034,5287177
"2336",5287035,5287178
"2337",5287036,5287178
"2338",5287186,5287004
"2339",5287193,5287181
"2340",5287194,5287173
"2341",5290034,5290007
"2342",5292039,5292009
"2343",5292040,5292032
"2344",5292043,5292032
"2345",5299040,5299004
"2346",5299041,5299009
"2347",5299042,5299011
"2348",5299047,5299004
"2349",5299050,5299008
"2350",5299055,5299010
"2351",5299056,5299012
"2352",5299057,5299012
"2353",5299058,5299032
"2354",5299177,5299005
"2355",5299178,5299005
"2356",5302037,5302007
"2357",5302182,5302181
"2358",5305034,5305006
"2359",5305035,5305006
"2360",5305036,5305183
"2361",5305037,5305183
"2362",5306032,5306002
"2363",5306033,5306002
"2364",5306173,5306172
"2365",5308032,5308004
"2366",5308033,5308173
"2367",5314032,5314005
"2368",5314034,5314005
"2369",5314035,5314172
"2370",5314036,5314172
"2371",5314037,5314030
"2372",5314038,5314030
"2373",5315034,5315173
"2374",5315036,5315173
"2375",5321033,5321004
"2376",5323030,5323003
"2377",5332041,5332031
"2378",5332042,5332188
"2379",5332043,5332032
"2380",5332187,5332031
"2381",5335035,5335005
"2382",5335036,5335005
"2383",5336030,5336007
"2384",5343179,5343173
"2385",5343180,5343173
"2386",5348032,5348179
"2387",5348033,5348005
"2388",5348034,5348179
"2389",5350037,5350030
"2390",5350039,5350031
"2391",5350178,5350030
"2392",5363032,5363004
"2393",5363033,5363003
"2394",5363034,5363030
"2395",5363035,5363004
"2396",5366047,5366170
"2397",5366048,5366033
"2398",5366049,5366032
"2399",5366193,5366192
"2400",5366195,5366192
"2401",5375030,5375170
"2402",5379032,5379003
"2403",5379033,5379003
"2404",5381032,5381006
"2405",5392035,5392030
"2406",5392038,5392031
"2407",5392039,5392030
"2408",5392040,5392030
"2409",5393036,5393034
"2410",5393037,5393030
"2411",5393038,5393181
"2412",5393179,5393171
"2413",5395035,5395005
"2414",5395037,5395007
"2415",5396034,5396170
"2416",5397033,5397005
"2417",5397034,5397005
"2418",5397036,5397030
"2419",5403030,5403171
"2420",5403174,5403171
"2421",5406033,5406173
"2422",5406176,5406173
"2423",5416035,5416006
"2424",5417182,5417004
"2425",5417183,5417004
"2426",5424033,5424030
"2427",5424034,5424030
"2428",5425033,5425003
"2429",5425034,5425003
"2430",5429031,5429008
"2431",5429032,5429008
"2432",5429033,5429007
"2433",5429035,5429007
"2434",5430043,5430004
"2435",5430044,5430183
"2436",5430045,5430031
"2437",5430046,5430030
"2438",5430047,5430031
"2439",5430050,5430192
"2440",5430052,5430200
"2441",5430053,5430030
"2442",5430184,5430183
"2443",5430195,5430003
"2444",5430196,5430191
"2445",5430197,5430171
"2446",5430198,5430171
"2447",5440032,5440003
"2448",5440033,5440003
"2449",5442174,5442030
"2450",5442175,5442030
"2451",5442177,5442031
"2452",5442178,5442031
"2453",5443037,5443007
"2454",5446032,5446003
"2455",5447032,5447030
"2456",5447033,5447030
"2457",5447034,5447176
"2458",5449033,5449030
"2459",5449034,5449031
"2460",5451030,5451171
"2461",5458035,5458002
"2462",5458036,5458170
"2463",5458037,5458032
"2464",5458173,5458003
"2465",5459032,5459176
"2466",5462031,5462170
"2467",5462032,5462174
"2468",5462033,5462170
"2469",5462034,5462003
"2470",5462035,5462174
"2471",5462036,5462006
"2472",5463040,5463006
"2473",5463041,5463009
"2474",5463044,5463005
"2475",5463045,5463030
"2476",5463180,5463175
"2477",5464040,5464007
"2478",5464041,5464032
"2479",5464042,5464030
"2480",5464043,5464184
"2481",5464183,5464184
"2482",5476030,5476171
"2483",5478032,5478170
"2484",5478033,5478170
"2485",5478034,5478174
"2486",5478034,5478180
"2487",5479031,5479030
"2488",5488031,5488007
"2489",5491033,5491004
"2490",5491034,5491177
"2491",5493039,5493007
"2492",5493042,5493007
"2493",5495032,5495030
"2494",5495033,5495171
"2495",5495034,5495030
"2496",5495176,5495175
"2497",5499032,5499008
"2498",5499033,5499008
"2499",5499036,5499182
"2500",5501039,5501006
"2501",5501041,5501032
"2502",5501044,5501032
"2503",5503032,5503174
"2504",5526044,5526014
"2505",5526046,5526014
"2506",5526047,5526016
"2507",5526048,5526016
"2508",5526049,5526010
"2509",5526196,5526013
"2510",5526197,5526011
"2511",5527031,5527172
"2512",5534032,5534030
"2513",5537037,5537006
"2514",5537038,5537010
"2515",5537039,5537178
"2516",5537041,5537178
"2517",5537042,5537010
"2518",5537180,5537184
"2519",5539036,5539006
"2520",5539037,5539007
"2521",5539038,5539004
"2522",5539039,5539006
"2523",5539040,5539178
"2524",5539184,5539171
"2525",5539187,5539171
"2526",5539191,5539188
"2527",5542032,5542002
"2528",5547035,5547170
"2529",5547040,5547009
"2530",5547041,5547009
"2531",5548036,5548010
"2532",5548038,5548010
"2533",5548042,5548030
"2534",5549033,5549175
"2535",5549034,5549006
"2536",5549036,5549006
"2537",5553031,5553171
"2538",5559034,5559004
"2539",5559036,5559003
"2540",5559037,5559176
"2541",5560040,5560030
"2542",5560041,5560030
"2543",5560042,5560035
"2544",5562032,5562005
"2545",5565176,5565174
"2546",5569038,5569007
"2547",5569039,5569007
"2548",5569180,5569171
"2549",5569181,5569171
"2550",5569183,5569194
"2551",5569197,5569177
"2552",5569198,5569194
"2553",5570041,5570005
"2554",5570042,5570011
"2555",5570043,5570011
"2556",5570044,5570181
"2557",5570047,5570031
"2558",5570189,5570003
"2559",5570200,5570198
"2560",5570201,5570198
"2561",5570204,5570203
"2562",5573041,5573009
"2563",5573042,5573183
"2564",5573043,5573008
"2565",5573044,5573183
"2566",5576037,5576034
"2567",5576038,5576031
"2568",5576041,5576034
"2569",5584033,5584030
"2570",5592031,5592007
"2571",5592032,5592007
"2572",5592033,5592005
"2573",5592177,5592176
"2574",5592179,5592176
"2575",5600030,5600005
"2576",5600032,5600005
"2577",5608030,5608171
"2578",5608031,5608171
"2579",5610031,5610003
"2580",5610032,5610003
"2581",5610033,5610005
"2582",5610034,5610005
"2583",5612037,5612181
"2584",5612039,5612183
"2585",5612040,5612183
"2586",5612041,5612181
"2587",5612042,5612184
"2588",5613041,5613006
"2589",5613043,5613178
"2590",5613044,5613170
"2591",5613045,5613012
"2592",5613046,5613012
"2593",5613048,5613172
"2594",5613049,5613008
"2595",5613191,5613181
"2596",5614034,5614170
"2597",5614036,5614005
"2598",5614037,5614170
"2599",5614038,5614031
"2600",5615037,5615011
"2601",5615038,5615013
"2602",5615182,5615013
"2603",5619037,5619005
"2604",5619038,5619003
"2605",5619039,5619004
"2606",5621031,5621007
"2607",5621032,5621171
"2608",5621033,5621009
"2609",5621034,5621177
"2610",5623046,5623007
"2611",5623047,5623008
"2612",5623048,5623008
"2613",5623049,5623172
"2614",5623053,5623037
"2615",5623054,5623035
"2616",5623055,5623040
"2617",5625032,5625170
"2618",5626034,5626170
"2619",5626035,5626010
"2620",5628033,5628007
"2621",5628035,5628007
"2622",5628037,5628006
"2623",5628041,5628006
"2624",5628175,5628177
"2625",5628183,5628178
"2626",5635039,5635004
"2627",5635043,5635004
"2628",5635180,5635004
"2629",5635183,5635003
"2630",5635192,5635191
"2631",5640033,5640032
"2632",5640035,5640032
"2633",5641037,5641033
"2634",5641038,5641033
"2635",5642032,5642004
"2636",5643030,5643006
"2637",5643031,5643006
"2638",5646035,5646006
"2639",5646038,5646006
"2640",5653033,5653177
"2641",5653034,5653177
"2642",5655035,5655171
"2643",5655037,5655174
"2644",5655040,5655174
"2645",5656044,5656011
"2646",5656045,5656171
"2647",5660030,5660005
"2648",5660031,5660005
"2649",5663046,5663181
"2650",5663047,5663034
"2651",5663048,5663033
"2652",5663050,5663181
"2653",5663052,5663034
"2654",5663053,5663032
"2655",5664032,5664003
"2656",5664033,5664003
"2657",5676034,5676176
"2658",5677040,5677170
"2659",5677043,5677036
"2660",5678034,5678002
"2661",5678036,5678002
"2662",5678037,5678172
"2663",5678038,5678030
"2664",5678039,5678172
"2665",5678041,5678030
"2666",5680031,5680004
"2667",5680032,5680005
"2668",5680033,5680004
"2669",5680034,5680005
"2670",5681041,5681033
"2671",5681042,5681033
"2672",5683041,5683008
"2673",5683042,5683031
"2674",5683043,5683008
"2675",5684038,5684003
"2676",5684039,5684006
"2677",5684040,5684197
"2678",5684041,5684203
"2679",5684198,5684197
"2680",5684201,5684231
"2681",5693042,5693005
"2682",5693049,5693032
"2683",5693204,5693190
"2684",5698034,5698006
"2685",5698170,5698006
"2686",5706039,5706009
"2687",5706040,5706006
"2688",5706208,5706006
"2689",5714032,5714002
"2690",5714033,5714002
"2691",5715033,5715004
"2692",5715035,5715003
"2693",5748035,5748006
"2694",5748036,5748006
"2695",5749044,5749172
"2696",5749046,5749030
"2697",5749047,5749036
"2698",5749048,5749030
"2699",5750033,5750171
"2700",5770031,5770003
"2701",5771030,5771003
"2702",5774032,5774170
"2703",5774033,5774170
"2704",5780031,5780004
"2705",5784032,5784005
"2706",5784037,5784005
"2707",5801033,5801006
"2708",5801034,5801006
"2709",5801035,5801030
"2710",5812046,5812010
"2711",5812047,5812010
"2712",5812048,5812181
"2713",5812050,5812033
"2714",5812051,5812180
"2715",5812052,5812033
"2716",5812053,5812034
"2717",5812054,5812044
"2718",5812057,5812013
"2719",5812059,5812173
"2720",5812060,5812034
"2721",5812061,5812013
"2722",5812207,5812180
"2723",5813034,5813006
"2724",5813035,5813006
"2725",5814039,5814031
"2726",5814040,5814030
"2727",5814184,5814005
"2728",5814185,5814005
"2729",5814186,5814031
"2730",5819034,5819005
"2731",5820034,5820007
"2732",5820035,5820007
"2733",5821030,5821172
"2734",5821173,5821176
"2735",5821174,5821176
"2736",5825030,5825175
"2737",5825031,5825175
"2738",5826036,5826175
"2739",5831177,5831003
"2740",5832030,5832003
"2741",5834034,5834185
"2742",5834184,5834173
"2743",5835036,5835035
"2744",5835181,5835184
"2745",5841035,5841178
"2746",5841038,5841178
"2747",5849043,5849008
"2748",5849047,5849031
"2749",5853194,5853193
"2750",5858037,5858033
"2751",5858038,5858179
"2752",5858039,5858033
"2753",5858188,5858179
"2754",5861034,5861003
"2755",5861035,5861003
"2756",5863038,5863031
"2757",5863039,5863031
"2758",5863040,5863031
"2759",5863044,5863033
"2760",5864178,5864003
"2761",5864179,5864003
"2762",5871030,5871172
"2763",5871171,5871006
"2764",5872037,5872006
"2765",5872038,5872005
"2766",5872040,5872005
"2767",5872041,5872031
"2768",5874179,5874003
"2769",5876032,5876004
"2770",5876033,5876004
"2771",5885033,5885174
"2772",5897031,5897005
"2773",5897032,5897005
"2774",5898034,5898003
"2775",5898037,5898003
"2776",5899031,5899003
"2777",5899032,5899003
"2778",5900035,5900005
"2779",5900036,5900007
"2780",5900037,5900005
"2781",5900039,5900007
"2782",5900040,5900174
"2783",5900175,5900174
"2784",5901038,5901175
"2785",5901040,5901004
"2786",5901041,5901007
"2787",5901042,5901007
"2788",5901043,5901004
"2789",5903033,5903003
"2790",5904044,5904177
"2791",5904045,5904176
"2792",5904048,5904176
"2793",5904049,5904033
"2794",5904050,5904037
"2795",5904052,5904033
"2796",5909037,5909184
"2797",5916037,5916171
"2798",5916038,5916008
"2799",5916039,5916171
"2800",5921032,5921172
"2801",5922039,5922180
"2802",5922040,5922192
"2803",5922043,5922210
"2804",5922204,5922038
"2805",5922205,5922038
"2806",5922208,5922210
"2807",5925041,5925170
"2808",5925176,5925170
"2809",5926031,5926006
"2810",5926032,5926005
"2811",5926033,5926174
"2812",5926034,5926005
"2813",5926036,5926171
"2814",5938033,5938031
"2815",5938034,5938031
"2816",5940032,5940003
"2817",5942037,5942009
"2818",5942038,5942008
"2819",5942174,5942008
"2820",5947034,5947030
"2821",5959036,5959007
"2822",5960042,5960034
"2823",5960043,5960181
"2824",5960044,5960033
"2825",5960045,5960034
"2826",5960047,5960181
"2827",5960048,5960038
"2828",5964030,5964170
"2829",5964032,5964170
"2830",5965037,5965182
"2831",5965185,5965182
"2832",5968033,5968005
"2833",5968034,5968005
"2834",5969034,5969005
"2835",5977035,5977173
"2836",5984034,5984030
"2837",5984035,5984030
"2838",5987035,5987188
"2839",5987036,5987188
"2840",5990035,5990172
"2841",5990036,5990172
"2842",5990037,5990004
"2843",5990177,5990003
"2844",5990178,5990003
"2845",5990180,5990031
"2846",5991031,5991003
"2847",5991032,5991003
"2848",5991033,5991002
"2849",5991034,5991002
"2850",5994032,5994006
"2851",5995032,5995006
"2852",5995033,5995170
"2853",5995034,5995005
"2854",5995038,5995006
"2855",5995040,5995170
"2856",5995042,5995030
"2857",5995043,5995005
"2858",5995044,5995030
"2859",5998034,5998004
"2860",6023033,6023175
"2861",6023035,6023175
"2862",6024033,6024002
"2863",6024034,6024003
"2864",6024035,6024032
"2865",6028043,6028003
"2866",6028180,6028008
"2867",6028181,6028008
"2868",6030034,6030007
"2869",6030036,6030033
"2870",6030037,6030007
"2871",6030038,6030178
"2872",6040035,6040008
"2873",6040036,6040008
"2874",6041035,6041004
"2875",6041036,6041004
"2876",6041039,6041004
"2877",6041173,6041003
"2878",6041174,6041003
"2879",6053034,6053175
"2880",6053035,6053177
"2881",6053039,6053031
"2882",6054032,6054005
"2883",6054033,6054030
"2884",6060030,6060003
"2885",6060031,6060003
"2886",6064037,6064004
"2887",6064038,6064004
"2888",6066030,6066005
"2889",6066031,6066005
"2890",6069171,6069004
"2891",6073033,6073173
"2892",6073034,6073004
"2893",6073036,6073173
"2894",6073037,6073031
"2895",6077176,6077174
"2896",6086030,6086004
"2897",6086031,6086003
"2898",6088034,6088031
"2899",6093036,6093006
"2900",6093038,6093011
"2901",6093039,6093170
"2902",6093040,6093007
"2903",6093041,6093011
"2904",6093042,6093031
"2905",6095034,6095174
"2906",6103037,6103008
"2907",6103038,6103007
"2908",6103039,6103003
"2909",6103040,6103007
"2910",6103041,6103003
"2911",6103043,6103008
"2912",6103180,6103178
"2913",6107043,6107180
"2914",6107045,6107008
"2915",6107047,6107030
"2916",6108032,6108175
"2917",6110040,6110179
"2918",6110041,6110030
"2919",6110042,6110031
"2920",6110044,6110032
"2921",6110045,6110031
"2922",6110046,6110030
"2923",6110047,6110032
"2924",6111033,6111004
"2925",6111034,6111004
"2926",6112035,6112173
"2927",6112036,6112173
"2928",6112192,6112191
"2929",6114048,6114183
"2930",6114049,6114005
"2931",6114050,6114005
"2932",6114053,6114170
"2933",6114054,6114009
"2934",6114055,6114009
"2935",6114189,6114170
"2936",6114193,6114182
"2937",6115049,6115015
"2938",6115052,6115037
"2939",6115053,6115015
"2940",6115054,6115176
"2941",6120196,6120195
"2942",6121044,6121009
"2943",6121047,6121180
"2944",6121048,6121176
"2945",6121050,6121035
"2946",6121052,6121035
"2947",6121056,6121186
"2948",6121057,6121180
"2949",6121059,6121187
"2950",6121060,6121030
"2951",6121061,6121034
"2952",6121188,6121187
"2953",6121198,6121186
"2954",6125031,6125183
"2955",6125036,6125183
"2956",6125189,6125176
"2957",6127038,6127178
"2958",6127039,6127033
"2959",6133180,6133171
"2960",6133181,6133171
"2961",6145037,6145032
"2962",6150033,6150004
"2963",6150034,6150004
"2964",6152030,6152002
"2965",6153031,6153178
"2966",6154033,6154003
"2967",6156182,6156181
"2968",6157031,6157003
"2969",6159033,6159003
"2970",6159034,6159172
"2971",6159035,6159030
"2972",6159038,6159030
"2973",6159173,6159172
"2974",6161031,6161004
"2975",6161032,6161007
"2976",6161033,6161007
"2977",6161034,6161177
"2978",6161178,6161177
"2979",6165037,6165004
"2980",6166053,6166012
"2981",6166054,6166035
"2982",6166055,6166012
"2983",6166057,6166035
"2984",6166058,6166038
"2985",6166059,6166040
"2986",6166060,6166050
"2987",6166062,6166033
"2988",6166063,6166050
"2989",6166177,6166044
"2990",6166179,6166014
"2991",6170033,6170171
"2992",6170034,6170171
"2993",6171033,6171185
"2994",6172180,6172006
"2995",6179038,6179170
"2996",6179040,6179173
"2997",6179041,6179170
"2998",6179174,6179173
"2999",6183170,6183003
"3000",6187035,6187011
"3001",6187036,6187170
"3002",6187037,6187011
"3003",6187038,6187012
"3004",6187040,6187012
"3005",6187178,6187010
"3006",6187179,6187010
"3007",6191030,6191006
"3008",6191031,6191172
"3009",6200034,6200009
"3010",6200038,6200009
"3011",6200039,6200010
"3012",6200040,6200011
"3013",6200041,6200011
"3014",6203035,6203008
"3015",6203038,6203008
"3016",6203185,6203184
"3017",6203186,6203184
"3018",6205038,6205010
"3019",6205040,6205010
"3020",6205041,6205177
"3021",6205042,6205005
"3022",6205182,6205175
"3023",6205193,6205005
"3024",6210035,6210179
"3025",6210036,6210030
"3026",6210037,6210179
"3027",6212035,6212002
"3028",6212036,6212002
"3029",6212037,6212003
"3030",6212038,6212170
"3031",6216030,6216004
"3032",6217034,6217003
"3033",6217035,6217172
"3034",6217036,6217172
"3035",6227030,6227005
"3036",6227178,6227005
"3037",6228036,6228030
"3038",6228037,6228030
"3039",6228177,6228008
"3040",6228178,6228008
"3041",6229031,6229005
"3042",6229032,6229005
"3043",6229033,6229177
"3044",6229178,6229177
"3045",6231036,6231008
"3046",6231037,6231172
"3047",6231040,6231031
"3048",6231041,6231033
"3049",6231182,6231172
"3050",6232039,6232007
"3051",6232042,6232032
"3052",6232046,6232192
"3053",6232047,6232032
"3054",6232048,6232032
"3055",6233036,6233009
"3056",6233037,6233009
"3057",6250034,6250007
"3058",6262034,6262172
"3059",6262035,6262180
"3060",6262036,6262179
"3061",6275031,6275003
"3062",6275033,6275003
"3063",6275034,6275007
"3064",6275035,6275007
"3065",6281039,6281179
"3066",6287041,6287004
"3067",6287042,6287033
"3068",6287043,6287033
"3069",6287044,6287032
"3070",6316032,6316006
"3071",6316033,6316006
"3072",6327171,6327004
"3073",6327172,6327004
"3074",6335035,6335004
"3075",6335036,6335004
"3076",6335037,6335031
"3077",6335038,6335006
"3078",6342170,6342002
"3079",6350032,6350007
"3080",6350033,6350003
"3081",6350034,6350171
"3082",6350035,6350007
"3083",6357034,6357003
"3084",6357035,6357031
"3085",6358037,6358003
"3086",6358038,6358006
"3087",6358041,6358032
"3088",6358043,6358170
"3089",6361030,6361006
"3090",6361033,6361003
"3091",6361034,6361003
"3092",6365046,6365009
"3093",6365048,6365030
"3094",6365049,6365011
"3095",6365050,6365011
"3096",6365051,6365010
"3097",6365052,6365030
"3098",6365053,6365010
"3099",6366031,6366004
"3100",6366032,6366004
"3101",6367036,6367031
"3102",6368033,6368178
"3103",6368034,6368006
"3104",6368035,6368005
"3105",6368180,6368178
"3106",6370036,6370181
"3107",6370037,6370033
"3108",6370038,6370031
"3109",6370039,6370033
"3110",6370040,6370032
"3111",6370041,6370172
"3112",6370042,6370031
"3113",6375033,6375030
"3114",6375034,6375030
"3115",6376034,6376172
"3116",6376175,6376005
"3117",6377035,6377170
"3118",6377036,6377005
"3119",6377037,6377005
"3120",6381038,6381176
"3121",6381040,6381184
"3122",6381178,6381176
"3123",6396030,6396003
"3124",6396031,6396003
"3125",6398031,6398002
"3126",6406035,6406031
"3127",6406037,6406031
"3128",6411033,6411170
"3129",6411034,6411003
"3130",6412032,6412031
"3131",6412033,6412172
"3132",6413036,6413009
"3133",6413037,6413009
"3134",6413038,6413010
"3135",6413039,6413035
"3136",6413040,6413010
"3137",6413042,6413035
"3138",6418036,6418003
"3139",6434030,6434170
"3140",6436046,6436031
"3141",6436047,6436033
"3142",6436048,6436031
"3143",6436049,6436036
"3144",6438032,6438030
"3145",6444034,6444171
"3146",6444035,6444171
"3147",6472030,6472003
"3148",6475037,6475007
"3149",6475038,6475032
"3150",6475040,6475007
"3151",6475041,6475030
"3152",6475042,6475170
"3153",6475043,6475032
"3154",6476035,6476174
"3155",6478031,6478005
"3156",6478045,6478181
"3157",6478048,6478179
"3158",6478052,6478030
"3159",6484044,6484005
"3160",6485036,6485172
"3161",6485039,6485030
"3162",6485041,6485177
"3163",6485042,6485005
"3164",6485178,6485177
"3165",6485181,6485180
"3166",6485183,6485182
"3167",6485184,6485182
"3168",6494035,6494185
"3169",6494036,6494185
"3170",6498033,6498187
"3171",6498192,6498003
"3172",6498193,6498003
"3173",6499034,6499005
"3174",6499039,6499185
"3175",6516033,6516176
"3176",6519038,6519030
"3177",6519040,6519030
"3178",6522030,6522004
"3179",6522032,6522004
"3180",6537036,6537031
"3181",6537037,6537032
"3182",6537038,6537031
"3183",6537039,6537032
"3184",6539174,6539170
"3185",6541031,6541179
"3186",6545037,6545007
"3187",6545039,6545005
"3188",6545040,6545007
"3189",6545041,6545005
"3190",6545178,6545006
"3191",6545180,6545179
"3192",6546034,6546009
"3193",6546036,6546182
"3194",6546037,6546009
"3195",6547032,6547171
"3196",6549030,6549004
"3197",6549031,6549004
"3198",6553030,6553004
"3199",6553031,6553173
"3200",6553032,6553173
"3201",6557031,6557170
"3202",6560033,6560003
"3203",6560181,6560175
"3204",6571038,6571176
"3205",6571177,6571176
"3206",6575031,6575171
"3207",6575032,6575171
"3208",6577038,6577007
"3209",6577039,6577035
"3210",6577040,6577032
"3211",6577041,6577185
"3212",6583044,6583009
"3213",6583045,6583008
"3214",6583046,6583006
"3215",6583047,6583036
"3216",6583048,6583199
"3217",6583049,6583030
"3218",6583050,6583037
"3219",6583051,6583036
"3220",6583052,6583030
"3221",6583200,6583199
"3222",6588040,6588003
"3223",6588041,6588036
"3224",6588042,6588035
"3225",6589034,6589006
"3226",6589035,6589007
"3227",6590039,6590175
"3228",6590040,6590175
"3229",6590041,6590010
"3230",6590045,6590010
"3231",6590046,6590034
"3232",6590047,6590031
"3233",6591036,6591175
"3234",6591038,6591006
"3235",6598034,6598004
"3236",6598035,6598173
"3237",6598036,6598004
"3238",6598037,6598173
"3239",6602032,6602008
"3240",6602034,6602008
"3241",6602035,6602177
"3242",6602036,6602179
"3243",6602040,6602188
"3244",6602041,6602009
"3245",6602181,6602179
"3246",6602192,6602188
"3247",6602194,6602195
"3248",6605033,6605190
"3249",6605035,6605190
"3250",6605036,6605192
"3251",6605037,6605012
"3252",6605038,6605012
"3253",6605202,6605203
"3254",6607180,6607008
"3255",6615033,6615004
"3256",6615036,6615031
"3257",6616033,6616172
"3258",6616034,6616007
"3259",6616035,6616172
"3260",6616036,6616007
"3261",6616177,6616176
"3262",6616181,6616179
"3263",6616183,6616179
"3264",6624034,6624003
"3265",6625033,6625170
"3266",6625035,6625007
"3267",6625175,6625174
"3268",6626032,6626004
"3269",6626034,6626003
"3270",6626035,6626006
"3271",6626036,6626004
"3272",6626037,6626007
"3273",6626038,6626008
"3274",6626039,6626006
"3275",6633036,6633004
"3276",6633037,6633004
"3277",6635042,6635009
"3278",6635044,6635009
"3279",6635050,6635171
"3280",6635052,6635176
"3281",6635053,6635032
"3282",6638035,6638031
"3283",6646037,6646030
"3284",6646038,6646003
"3285",6646039,6646030
"3286",6646040,6646033
"3287",6646179,6646004
"3288",6649034,6649003
"3289",6649035,6649030
"3290",6655036,6655003
"3291",6655037,6655003
"3292",6655038,6655002
"3293",6655039,6655002
"3294",6657031,6657005
"3295",6657032,6657005
"3296",6657033,6657030
"3297",6660031,6660003
"3298",6660032,6660003
"3299",6664031,6664172
"3300",6664032,6664177
"3301",6664033,6664177
"3302",6664173,6664172
"3303",6674032,6674174
"3304",6674175,6674174
"3305",6680030,6680004
"3306",6682033,6682174
"3307",6682175,6682174
"3308",6684033,6684005
"3309",6684034,6684004
"3310",6684035,6684005
"3311",6684036,6684008
"3312",6684038,6684008
"3313",6684040,6684003
"3314",6684041,6684004
"3315",6684042,6684003
"3316",6694032,6694030
"3317",6698033,6698004
"3318",6699032,6699030
"3319",6706034,6706183
"3320",6706037,6706176
"3321",6706038,6706176
"3322",6706195,6706179
"3323",6707033,6707030
"3324",6707034,6707003
"3325",6710034,6710030
"3326",6710035,6710031
"3327",6714171,6714170
"3328",6716031,6716005
"3329",6716032,6716173
"3330",6716174,6716173
"3331",6721032,6721006
"3332",6721034,6721006
"3333",6722031,6722005
"3334",6724034,6724170
"3335",6724035,6724170
"3336",6724036,6724030
"3337",6724037,6724008
"3338",6724039,6724030
"3339",6724040,6724008
"3340",6724204,6724185
"3341",6733034,6733030
"3342",6733035,6733030
"3343",6735038,6735003
"3344",6735041,6735005
"3345",6735042,6735008
"3346",6735043,6735007
"3347",6735044,6735008
"3348",6735045,6735007
"3349",6736035,6736003
"3350",6736036,6736005
"3351",6736037,6736030
"3352",6736038,6736030
"3353",6736039,6736005
"3354",6736040,6736184
"3355",6738034,6738003
"3356",6738181,6738180
"3357",6738182,6738180
"3358",6740033,6740004
"3359",6740034,6740003
"3360",6740035,6740004
"3361",6750034,6750030
"3362",6750035,6750030
"3363",6750036,6750005
"3364",6750037,6750005
"3365",6750184,6750183
"3366",6750185,6750183
"3367",6765032,6765007
"3368",6765033,6765004
"3369",6765034,6765007
"3370",6765035,6765004
"3371",6765036,6765005
"3372",6765037,6765006
"3373",6769038,6769007
"3374",6769039,6769008
"3375",6769040,6769007
"3376",6779037,6779008
"3377",6779038,6779008
"3378",6779038,6779206
"3379",6780174,6780006
"3380",6785033,6785172
"3381",6785037,6785007
"3382",6785038,6785007
"3383",6788034,6788004
"3384",6788035,6788004
"3385",6789032,6789007
"3386",6790035,6790171
"3387",6790036,6790171
"3388",6790037,6790170
"3389",6793036,6793170
"3390",6793037,6793031
"3391",6793038,6793031
"3392",6793040,6793033
"3393",6800038,6800037
"3394",6801033,6801030
"3395",6801038,6801031
"3396",6801039,6801031
"3397",6801040,6801030
"3398",6801185,6801172
"3399",6801186,6801172
"3400",6802174,6802172
"3401",6802175,6802172
"3402",6803033,6803170
"3403",6816032,6816002
"3404",6816033,6816002
"3405",6820034,6820002
"3406",6820035,6820173
"3407",6820036,6820173
"3408",6820037,6820030
"3409",6822032,6822176
"3410",6822175,6822174
"3411",6822177,6822176
"3412",6826032,6826177
"3413",6826033,6826007
"3414",6828031,6828003
"3415",6828032,6828003
"3416",6830030,6830171
"3417",6830031,6830171
"3418",6832035,6832003
"3419",6832036,6832004
"3420",6832038,6832032
"3421",6832039,6832004
"3422",6832040,6832033
"3423",6832041,6832032
"3424",6832042,6832003
"3425",6832044,6832033
"3426",6832176,6832172
"3427",6832177,6832172
"3428",6837034,6837033
"3429",6838033,6838006
"3430",6839035,6839172
"3431",6839036,6839009
"3432",6839037,6839009
"3433",6840032,6840003
"3434",6840033,6840030
"3435",6843032,6843173
"3436",6843033,6843006
"3437",6845035,6845006
"3438",6845037,6845005
"3439",6845038,6845006
"3440",6845039,6845005
"3441",6845040,6845003
"3442",6845041,6845007
"3443",6845042,6845003
"3444",6845043,6845182
"3445",6845044,6845182
"3446",6849031,6849188
"3447",6849032,6849005
"3448",6849033,6849188
"3449",6851031,6851003
"3450",6853032,6853030
"3451",6853033,6853003
"3452",6854173,6854172
"3453",6857030,6857183
"3454",6857184,6857183
"3455",6862045,6862008
"3456",6862047,6862035
"3457",6864034,6864002
"3458",6864035,6864030
"3459",6867034,6867200
"3460",6867036,6867203
"3461",6867201,6867200
"3462",6872031,6872170
"3463",6872174,6872171
